"ID"	"Species name"	"original_genome_id"	"old_speceis_names"	"speceis_names_fig2"	"hex"	"id_table S1"	"Major clade"	"clade_order"	"Family"	"Genus"	"CUG usage"	"ratio_hq"	"num_hq"	"select"
"1"	1	"Saprochaete clavata"	"saprochaete_clavata"	"Saprochaete_clavata"	"Saprochaete_clavata"	"#FF2800"	22	"Dipodascaceae/Trichomonascaceae"	3	"Dipodascaceae"	"Saprochaete"	"Leu"	0.461549970077798	3085	"No"
"2"	2	"Deakozyma indianensis"	"yHMPu5000034974_deakozyma_indianensis_160519"	"yHMPu5000034974_Deakozyma_indianensis"	"Deakozyma_indianensis"	"#FF2800"	39	"Dipodascaceae/Trichomonascaceae"	3	"Saccharomycetales incertae sedis"	"Deakozyma"	"Leu"	0.660665575559193	3633	"No"
"3"	3	"Clavispora lusitaniae"	"clavispora_lusitaniae"	"Clavispora_lusitaniae"	"Clavispora_lusitaniae"	"#FFd200"	135	"CUG-Ser1"	8	"Metschnikowiaceae"	"Clavispora"	"Ser"	0.599020568070519	3058	"No"
"4"	4	"Cephaloascus fragrans"	"yHMPu5000034999_cephaloascus_fragrans_160519"	"yHMPu5000034999_Cephaloascus_fragrans"	"Cephaloascus_fragrans"	"#FFd200"	204	"CUG-Ser1"	8	"Cephaloascaceae"	"Cephaloascus"	"Ser"	0.58291888183845	3399	"No"
"5"	5	"Cephaloascus albidus"	"yHMPu5000034998_cephaloascus_albidus_160519"	"yHMPu5000034998_Cephaloascus_albidus"	"Cephaloascus_albidus"	"#FFd200"	205	"CUG-Ser1"	8	"Cephaloascaceae"	"Cephaloascus"	"Ser"	0.514788829275003	3742	"No"
"6"	6	"Babjeviella inositovora"	"babjeviella_inositovora"	"Babjeviella_inositovora"	"Babjeviella_inositovora"	"#FFd200"	122	"CUG-Ser1"	8	"Debaryomycetaceae"	"Babjeviella"	"Ser"	0.608162550359082	3472	"Yes"
"7"	7	"Candida dubliniensis"	"candida_dubliniensis"	"Candida_dubliniensis"	"Candida_dubliniensis"	"#FFd200"	126	"CUG-Ser1"	8	"Debaryomycetaceae"	"Candida"	"Ser"	0.549677856900644	3242	"No"
"8"	8	"Candida albicans"	"candida_albicans"	"Candida_albicans"	"Candida_albicans"	"#FFd200"	123	"CUG-Ser1"	8	"Debaryomycetaceae"	"Candida"	"Ser"	0.584346135148274	3606	"Yes"
"9"	9	"Candida parapsilosis"	"candida_parapsilosis"	"Candida_parapsilosis"	"Candida_parapsilosis"	"#FFd200"	130	"CUG-Ser1"	8	"Debaryomycetaceae"	"Candida"	"Ser"	0.564398308342945	2936	"No"
"10"	10	"Hyphopichia homilentoma"	"candida_homilentoma"	"Candida_homilentoma"	"Hyphopichia_homilentoma"	"#FFd200"	127	"CUG-Ser1"	8	"Debaryomycetaceae"	"Hyphopichia"	"Ser"	0.598960267359822	3226	"No"
"11"	11	"Candida tropicalis"	"candida_tropicalis"	"Candida_tropicalis"	"Candida_tropicalis"	"#FFd200"	134	"CUG-Ser1"	8	"Debaryomycetaceae"	"Candida"	"Ser"	0.574493243243243	3401	"No"
"12"	12	"Candida orthopsilosis"	"candida_orthopsilosis"	"Candida_orthopsilosis"	"Candida_orthopsilosis"	"#FFd200"	129	"CUG-Ser1"	8	"Debaryomycetaceae"	"Candida"	"Ser"	0.564127477652546	2903	"No"
"13"	13	"Candida carpophila"	"candida_carpophila"	"Candida_carpophila"	"Candida_carpophila"	"#FFd200"	125	"CUG-Ser1"	8	"Debaryomycetaceae"	"Candida"	"Ser"	0.629232039636664	3048	"No"
"14"	14	"Suhomyces tanzawaensis"	"candida_tanzawaensis"	"Candida_tanzawaensis"	"Suhomyces_tanzawaensis"	"#FFd200"	132	"CUG-Ser1"	8	"Debaryomycetaceae"	"Suhomyces"	"Ser"	0.590322580645161	3111	"No"
"15"	15	"Yamadazyma tenuis"	"candida_tenuis"	"Candida_tenuis"	"Yamadazyma_tenuis"	"#FFd200"	133	"CUG-Ser1"	8	"Debaryomycetaceae"	"Yamadazyma"	"Ser"	0.589226973684211	2866	"No"
"16"	16	"Candida athensensis"	"yHMPu5000034632_candida_athensensis_160519"	"yHMPu5000034632_Candida_athensensis"	"Candida_athensensis"	"#FFd200"	214	"CUG-Ser1"	8	"Debaryomycetaceae"	"Candida"	"Ser"	0.614007954043305	2779	"No"
"17"	17	"Candida rhagii"	"yHMPu5000035679_candida_rhagii_160613"	"yHMPu5000035679_Candida_rhagii"	"Candida_rhagii"	"#FFd200"	186	"CUG-Ser1"	8	"Debaryomycetaceae"	"Candida"	"Ser"	0.583483591777858	3236	"No"
"18"	18	"Candida gotoi"	"yHMPu5000035681_candida_gotoi_160519"	"yHMPu5000035681_Candida_gotoi"	"Candida_gotoi"	"#FFd200"	185	"CUG-Ser1"	8	"Debaryomycetaceae"	"Candida"	"Ser"	0.585892261800316	3339	"No"
"19"	19	"Candida schatavii"	"yHMPu5000034643_candida_schatavii_160519"	"yHMPu5000034643_Candida_schatavii"	"Candida_schatavii"	"#FFd200"	213	"CUG-Ser1"	8	"Debaryomycetaceae"	"Candida"	"Ser"	0.558455488022882	3124	"No"
"20"	20	"Teunomyces kruisii"	"yHMPu5000035031_candida_kruisii_160519"	"yHMPu5000035031_Candida_kruisii"	"Teunomyces_kruisii"	"#FFd200"	200	"CUG-Ser1"	8	"Debaryomycetaceae"	"Teunomyces"	"Ser"	0.598135772071755	3401	"No"
"21"	21	"Candida fragi"	"yHMPu5000035302_candida_fragi_160928"	"yHMPu5000035302_Candida_fragi"	"Candida_fragi"	"#FFd200"	194	"CUG-Ser1"	8	"Debaryomycetaceae"	"Candida"	"Ser"	0.594148537134284	3168	"No"
"22"	22	"Debaryomyces hansenii"	"debaryomyces_hansenii"	"Debaryomyces_hansenii"	"Debaryomyces_hansenii"	"#FFd200"	136	"CUG-Ser1"	8	"Debaryomycetaceae"	"Debaryomyces"	"Ser"	0.566510172143975	3258	"No"
"23"	23	"Debaryomyces maramus"	"yHMPu5000041713_debaryomyces_maramus_160928"	"yHMPu5000041713_Debaryomyces_maramus"	"Debaryomyces_maramus"	"#FFd200"	181	"CUG-Ser1"	8	"Debaryomycetaceae"	"Debaryomyces"	"Ser"	0.565739225313693	3111	"No"
"24"	24	"Debaryomyces nepalensis"	"yHMPu5000041693_debaryomyces_nepalensis_160928"	"yHMPu5000041693_Debaryomyces_nepalensis"	"Debaryomyces_nepalensis"	"#FFd200"	182	"CUG-Ser1"	8	"Debaryomycetaceae"	"Debaryomyces"	"Ser"	0.577293369663942	3178	"No"
"25"	25	"Debaryomyces fabryi"	"yHMPu5000041829_debaryomyces_fabryi_160928"	"yHMPu5000041829_Debaryomyces_fabryi"	"Debaryomyces_fabryi"	"#FFd200"	178	"CUG-Ser1"	8	"Debaryomycetaceae"	"Debaryomyces"	"Ser"	0.57573025604039	3193	"No"
"26"	26	"Hyphopichia burtonii"	"hyphopichia_burtonii"	"Hyphopichia_burtonii"	"Hyphopichia_burtonii"	"#FFd200"	137	"CUG-Ser1"	8	"Debaryomycetaceae"	"Hyphopichia"	"Ser"	0.559365203761755	2855	"No"
"27"	27	"Hyphopichia heimii"	"yHMPu5000035318_hyphopichia_heimii_160928"	"yHMPu5000035318_Hyphopichia_heimii"	"Hyphopichia_heimii"	"#FFd200"	193	"CUG-Ser1"	8	"Debaryomycetaceae"	"Hyphopichia"	"Ser"	0.573997944501542	3351	"No"
"28"	28	"Kurtzmaniella cleridarum"	"yHMPu5000035667_kurtzmaniella_cleridarum_160928"	"yHMPu5000035667_Kurtzmaniella_cleridarum"	"Kurtzmaniella_cleridarum"	"#FFd200"	188	"CUG-Ser1"	8	"Debaryomycetaceae"	"Kurtzmaniella"	"Ser"	0.596839397280412	3248	"No"
"29"	29	"Lodderomyces elongisporus"	"lodderomyces_elongisporus"	"Lodderomyces_elongisporus"	"Lodderomyces_elongisporus"	"#FFd200"	138	"CUG-Ser1"	8	"Debaryomycetaceae"	"Lodderomyces"	"Ser"	0.507742045261188	2984	"No"
"30"	30	"Meyerozyma guilliermondii"	"meyerozyma_guilliermondii"	"Meyerozyma_guilliermondii"	"Meyerozyma_guilliermondii"	"#FFd200"	162	"CUG-Ser1"	8	"Debaryomycetaceae"	"Meyerozyma"	"Ser"	0.61535345351428	3038	"No"
"31"	31	"Middelhovenomyces tepae"	"yHMPu5000035665_middelhovenomyces_tepae_160613"	"yHMPu5000035665_Middelhovenomyces_tepae"	"Middelhovenomyces_tepae"	"#FF2800"	32	"Dipodascaceae/Trichomonascaceae"	3	"Saccharomycetales incertae sedis"	"Middelhovenomyces"	"Leu"	0.64423977521074	4127	"No"
"32"	32	"Millerozyma acaciae"	"millerozyma_acaciae"	"Millerozyma_acaciae"	"Millerozyma_acaciae"	"#FFd200"	163	"CUG-Ser1"	8	"Debaryomycetaceae"	"Millerozyma"	"Ser"	0.576970954356846	2781	"No"
"33"	33	"Peterozyma xylosa"	"yHMPu5000034883_peterozyma_xylosa_160519"	"yHMPu5000034883_Peterozyma_xylosa"	"Peterozyma_xylosa"	"#6A3906"	60	"CUG-Ala"	6	"Saccharomycetales incertae sedis"	"Peterozyma"	"Ala"	0.58193135935397	3459	"No"
"34"	34	"Peterozyma toletana"	"yHMPu5000034884_peterozyma_toletana_160519"	"yHMPu5000034884_Peterozyma_toletana"	"Peterozyma_toletana"	"#6A3906"	59	"CUG-Ala"	6	"Saccharomycetales incertae sedis"	"Peterozyma"	"Ala"	0.578711125360693	3610	"No"
"35"	35	"Priceomyces haplophilus"	"priceomyces_haplophilus"	"Priceomyces_haplophilus"	"Priceomyces_haplophilus"	"#FFd200"	164	"CUG-Ser1"	8	"Debaryomycetaceae"	"Priceomyces"	"Ser"	0.591306114158034	2911	"No"
"36"	36	"Priceomyces medius"	"yHMPu5000034606_priceomyces_medius_160519"	"yHMPu5000034606_Priceomyces_medius"	"Priceomyces_medius"	"#FFd200"	215	"CUG-Ser1"	8	"Debaryomycetaceae"	"Priceomyces"	"Ser"	0.583636016058115	3053	"No"
"37"	37	"Priceomyces carsonii"	"yHMPu5000035296_priceomyces_carsonii_160928"	"yHMPu5000035296_Priceomyces_carsonii"	"Priceomyces_carsonii"	"#FFd200"	196	"CUG-Ser1"	8	"Debaryomycetaceae"	"Priceomyces"	"Ser"	0.598967604129583	3365	"No"
"38"	38	"Scheffersomyces lignosus"	"scheffersomyces_lignosus"	"Scheffersomyces_lignosus"	"Scheffersomyces_lignosus"	"#FFd200"	165	"CUG-Ser1"	8	"Debaryomycetaceae"	"Scheffersomyces"	"Ser"	0.565671641791045	3411	"No"
"39"	39	"Scheffersomyces stipitis"	"scheffersomyces_stipitis"	"Scheffersomyces_stipitis"	"Scheffersomyces_stipitis"	"#FFd200"	166	"CUG-Ser1"	8	"Debaryomycetaceae"	"Scheffersomyces"	"Ser"	0.567622259696459	3366	"No"
"40"	40	"Spathaspora passalidarum"	"spathaspora_passalidarum"	"Spathaspora_passalidarum"	"Spathaspora_passalidarum"	"#FFd200"	171	"CUG-Ser1"	8	"Debaryomycetaceae"	"Spathaspora"	"Ser"	0.575719649561952	3220	"No"
"41"	41	"Spathaspora arborariae"	"spathaspora_arborariae"	"Spathaspora_arborariae"	"Spathaspora_arborariae"	"#FFd200"	167	"CUG-Ser1"	8	"Debaryomycetaceae"	"Spathaspora"	"Ser"	0.559304164470216	3183	"No"
"42"	42	"Wickerhamia fluorescens"	"wickerhamia_fluorescens"	"Wickerhamia_fluorescens"	"Wickerhamia_fluorescens"	"#FFd200"	172	"CUG-Ser1"	8	"Debaryomycetaceae"	"Wickerhamia"	"Ser"	0.550887912927248	2885	"No"
"43"	43	"Yamadazyma scolyti"	"yHMPu5000035641_yamadazyma_scolyti_160613"	"yHMPu5000035641_Yamadazyma_scolyti"	"Yamadazyma_scolyti"	"#FFd200"	190	"CUG-Ser1"	8	"Debaryomycetaceae"	"Yamadazyma"	"Ser"	0.592643051771117	3045	"No"
"44"	44	"Yamadazyma philogaea"	"yHMPu5000035640_yamadazyma_philogaea_160519"	"yHMPu5000035640_Yamadazyma_philogaea"	"Yamadazyma_philogaea"	"#FFd200"	191	"CUG-Ser1"	8	"Debaryomycetaceae"	"Yamadazyma"	"Ser"	0.573255082791868	2735	"No"
"45"	45	"Yamadazyma nakazawae"	"yHMPu5000035252_yamadazyma_nakazawae_160928"	"yHMPu5000035252_Yamadazyma_nakazawae"	"Yamadazyma_nakazawae"	"#FFd200"	197	"CUG-Ser1"	8	"Debaryomycetaceae"	"Yamadazyma"	"Ser"	0.573325744640486	3022	"No"
"46"	46	"Aciculoconidium aculeatum"	"yHMPu5000034654_aciculoconidium_aculeatum_160519"	"yHMPu5000034654_Aciculoconidium_aculeatum"	"Aciculoconidium_aculeatum"	"#FFd200"	211	"CUG-Ser1"	8	"Metschnikowiaceae"	"Aciculoconidium"	"Ser"	0.496519391959085	3495	"No"
"47"	47	"Candida intermedia"	"candida_intermedia"	"Candida_intermedia"	"Candida_intermedia"	"#FFd200"	128	"CUG-Ser1"	8	"Metschnikowiaceae"	"Candida"	"Ser"	0.607449333576776	3327	"No"
"48"	48	"Candida oregonensis"	"yHMPu5000034986_candida_oregonensis_160519"	"yHMPu5000034986_Candida_oregonensis"	"Candida_oregonensis"	"#FFd200"	208	"CUG-Ser1"	8	"Metschnikowiaceae"	"Candida"	"Ser"	0.616435756310495	3248	"No"
"49"	49	"Candida restingae"	"yHMPu5000034648_candida_restingae_160519"	"yHMPu5000034648_Candida_restingae"	"Candida_restingae"	"#FFd200"	212	"CUG-Ser1"	8	"Metschnikowiaceae"	"Candida"	"Ser"	0.596547194595609	3179	"No"
"50"	50	"Candida auris"	"candida_auris"	"Candida_auris"	"Candida_auris"	"#FFd200"	124	"CUG-Ser1"	8	"Metschnikowiaceae"	"Candida"	"Ser"	0.59569099378882	3069	"No"
"51"	51	"Candida fructus"	"yHMPu5000034988_candida_fructus_160519"	"yHMPu5000034988_Candida_fructus"	"Candida_fructus"	"#FFd200"	207	"CUG-Ser1"	8	"Metschnikowiaceae"	"Candida"	"Ser"	0.616713539574126	3070	"No"
"52"	52	"Danielozyma ontarioensis"	"yHMPu5000034973_danielozyma_ontarioensis_160519"	"yHMPu5000034973_Danielozyma_ontarioensis"	"Danielozyma_ontarioensis"	"#FFd200"	209	"CUG-Ser1"	8	"Metschnikowiaceae"	"Danielozyma"	"Ser"	0.619206598586017	3153	"No"
"53"	53	"Kodamaea laetipori"	"yHMPu5000034665_kodamaea_laetipori_160519"	"yHMPu5000034665_Kodamaea_laetipori"	"Kodamaea_laetipori"	"#FFd200"	210	"CUG-Ser1"	8	"Metschnikowiaceae"	"Kodamaea"	"Ser"	0.579289644822411	3474	"No"
"54"	54	"Kodamaea ohmeri"	"yHMPu5000035677_kodamaea_ohmeri_160519"	"yHMPu5000035677_Kodamaea_ohmeri"	"Kodamaea_ohmeri"	"#FFd200"	187	"CUG-Ser1"	8	"Metschnikowiaceae"	"Kodamaea"	"Ser"	0.590404515522107	3138	"No"
"55"	55	"Metschnikowia bicuspidata var. bicuspidata"	"metschnikowia_bicuspidata"	"Metschnikowia_bicuspidata"	"Metschnikowia_bicuspidata_var._bicuspidata"	"#FFd200"	141	"CUG-Ser1"	8	"Metschnikowiaceae"	"Metschnikowia"	"Ser"	0.549980776624375	2861	"No"
"56"	56	"Metschnikowia hibisci"	"metschnikowia_hibisci"	"Metschnikowia_hibisci"	"Metschnikowia_hibisci"	"#FFd200"	150	"CUG-Ser1"	8	"Metschnikowiaceae"	"Metschnikowia"	"Ser"	0.589070822647465	2986	"No"
"57"	57	"Metschnikowia aberdeeniae"	"metschnikowia_aberdeeniae"	"Metschnikowia_aberdeeniae"	"Metschnikowia_aberdeeniae"	"#FFd200"	139	"CUG-Ser1"	8	"Metschnikowiaceae"	"Metschnikowia"	"Ser"	0.603324915824916	2867	"No"
"58"	58	"Metschnikowia kipukae"	"metschnikowia_kipukae"	"Metschnikowia_kipukae"	"Metschnikowia_kipukae"	"#FFd200"	153	"CUG-Ser1"	8	"Metschnikowiaceae"	"Metschnikowia"	"Ser"	0.582406671961874	2933	"No"
"59"	59	"Metschnikowia shivogae"	"metschnikowia_shivogae"	"Metschnikowia_shivogae"	"Metschnikowia_shivogae"	"#FFd200"	160	"CUG-Ser1"	8	"Metschnikowiaceae"	"Metschnikowia"	"Ser"	0.607907742998353	2952	"No"
"60"	60	"Metschnikowia dekortorum"	"metschnikowia_dekortum"	"Metschnikowia_dekortum"	"Metschnikowia_dekortorum"	"#FFd200"	146	"CUG-Ser1"	8	"Metschnikowiaceae"	"Metschnikowia"	"Ser"	0.547712418300654	2933	"No"
"61"	61	"Metschnikowia drakensbergensis"	"metschnikowia_drakensbergensis"	"Metschnikowia_drakensbergensis"	"Metschnikowia_drakensbergensis"	"#FFd200"	147	"CUG-Ser1"	8	"Metschnikowiaceae"	"Metschnikowia"	"Ser"	0.580337636544191	2922	"No"
"62"	62	"Metschnikowia kamakouana"	"metschnikowia_kamakouana"	"Metschnikowia_kamakouana"	"Metschnikowia_kamakouana"	"#FFd200"	152	"CUG-Ser1"	8	"Metschnikowiaceae"	"Metschnikowia"	"Ser"	0.547997112955612	3037	"Yes"
"63"	63	"Metschnikowia proteae"	"metschnikowia_proteae"	"Metschnikowia_proteae"	"Metschnikowia_proteae"	"#FFd200"	158	"CUG-Ser1"	8	"Metschnikowiaceae"	"Metschnikowia"	"Ser"	0.581630667445028	2989	"No"
"64"	64	"Metschnikowia mauinuiana"	"metschnikowia_mauinuiana"	"Metschnikowia_mauinuiana"	"Metschnikowia_mauinuiana"	"#FFd200"	157	"CUG-Ser1"	8	"Metschnikowiaceae"	"Metschnikowia"	"Ser"	0.513791957460951	3092	"No"
"65"	65	"Metschnikowia matae var. maris"	"metschnikowia_matae_maris"	"Metschnikowia_matae_maris"	"Metschnikowia_matae_var._maris"	"#FFd200"	156	"CUG-Ser1"	8	"Metschnikowiaceae"	"Metschnikowia"	"Ser"	0.437011651816313	3188	"No"
"66"	66	"Metschnikowia bowlesiae"	"metschnikowia_bowlesiae"	"Metschnikowia_bowlesiae"	"Metschnikowia_bowlesiae"	"#FFd200"	143	"CUG-Ser1"	8	"Metschnikowiaceae"	"Metschnikowia"	"Ser"	0.519217451523546	2999	"No"
"67"	67	"Metschnikowia similis"	"metschnikowia_similis"	"Metschnikowia_similis"	"Metschnikowia_similis"	"#FFd200"	161	"CUG-Ser1"	8	"Metschnikowiaceae"	"Metschnikowia"	"Ser"	0.529884032114184	2970	"No"
"68"	68	"Metschnikowia hawaiiensis"	"metschnikowia_hawaiiensis"	"Metschnikowia_hawaiiensis"	"Metschnikowia_hawaiiensis"	"#FFd200"	149	"CUG-Ser1"	8	"Metschnikowiaceae"	"Metschnikowia"	"Ser"	0.496845170684355	3071	"No"
"69"	69	"Candida sojae"	"candida_sojae"	"Candida_sojae"	"Candida_sojae"	"#FFd200"	131	"CUG-Ser1"	8	"Debaryomycetaceae"	"Candida"	"Ser"	0.576778284129186	2911	"No"
"70"	70	"Spathaspora girioi"	"spathaspora_girioi"	"Spathaspora_girioi"	"Spathaspora_girioi"	"#FFd200"	168	"CUG-Ser1"	8	"Debaryomycetaceae"	"Spathaspora"	"Ser"	0.492886026658679	3291	"No"
"71"	71	"Spathaspora hagerdaliae"	"spathaspora_hagerdaliae"	"Spathaspora_hagerdaliae"	"Spathaspora_hagerdaliae"	"#FFd200"	170	"CUG-Ser1"	8	"Debaryomycetaceae"	"Spathaspora"	"Ser"	0.484470246734398	3338	"No"
"72"	72	"Spathaspora gorwiae"	"spathaspora_gorwiae"	"Spathaspora_gorwiae"	"Spathaspora_gorwiae"	"#FFd200"	169	"CUG-Ser1"	8	"Debaryomycetaceae"	"Spathaspora"	"Ser"	0.495778045838359	3288	"No"
"73"	73	"Metschnikowia ipomoeae"	"metschnikowia_ipomoeae"	"Metschnikowia_ipomoeae"	"Metschnikowia_ipomoeae"	"#FFd200"	151	"CUG-Ser1"	8	"Metschnikowiaceae"	"Metschnikowia"	"Ser"	0.512038258575198	3105	"No"
"74"	74	"Metschnikowia arizonensis"	"metschnikowia_arizonensis"	"Metschnikowia_arizonensis"	"Metschnikowia_arizonensis"	"#FFd200"	140	"CUG-Ser1"	8	"Metschnikowiaceae"	"Metschnikowia"	"Ser"	0.497264957264957	2909	"No"
"75"	75	"Metschnikowia matae var. matae"	"metschnikowia_matae"	"Metschnikowia_matae"	"Metschnikowia_matae_var._matae"	"#FFd200"	155	"CUG-Ser1"	8	"Metschnikowiaceae"	"Metschnikowia"	"Ser"	0.433586731167934	3137	"No"
"76"	76	"Metschnikowia lochheadii"	"metschnikowia_lockheadii"	"Metschnikowia_lockheadii"	"Metschnikowia_lochheadii"	"#FFd200"	154	"CUG-Ser1"	8	"Metschnikowiaceae"	"Metschnikowia"	"Ser"	0.471689634511684	3149	"No"
"77"	77	"Metschnikowia santaceciliae"	"metschnikowia_santaceciliae"	"Metschnikowia_santaceciliae"	"Metschnikowia_santaceciliae"	"#FFd200"	159	"CUG-Ser1"	8	"Metschnikowiaceae"	"Metschnikowia"	"Ser"	0.482400372150721	3111	"No"
"78"	78	"Metschnikowia hamakuensis"	"metschnikowia_hamakuensis"	"Metschnikowia_hamakuensis"	"Metschnikowia_hamakuensis"	"#FFd200"	148	"CUG-Ser1"	8	"Metschnikowiaceae"	"Metschnikowia"	"Ser"	0.488648991903477	3078	"No"
"79"	79	"Metschnikowia continentalis"	"metschnikowia_continentalis"	"Metschnikowia_continentalis"	"Metschnikowia_continentalis"	"#FFd200"	145	"CUG-Ser1"	8	"Metschnikowiaceae"	"Metschnikowia"	"Ser"	0.47524154589372	3148	"No"
"80"	80	"Metschnikowia cerradonensis"	"metschnikowia_cerradonensis"	"Metschnikowia_cerradonensis"	"Metschnikowia_cerradonensis"	"#FFd200"	144	"CUG-Ser1"	8	"Metschnikowiaceae"	"Metschnikowia"	"Ser"	0.467357512953368	3157	"No"
"81"	81	"Metschnikowia borealis"	"metschnikowia_borealis"	"Metschnikowia_borealis"	"Metschnikowia_borealis"	"#FFd200"	142	"CUG-Ser1"	8	"Metschnikowiaceae"	"Metschnikowia"	"Ser"	0.477735271614384	3122	"No"
"82"	82	"Meyerozyma caribbica"	"yHMPu5000035662_meyerozyma_caribbica_160613"	"yHMPu5000035662_Meyerozyma_caribbica"	"Meyerozyma_caribbica"	"#FFd200"	189	"CUG-Ser1"	8	"Debaryomycetaceae"	"Meyerozyma"	"Ser"	0.625934154716219	3099	"No"
"83"	83	"Teunomyces cretensis"	"yHMPu5000035033_candida_cretensis_160519"	"yHMPu5000035033_Candida_cretensis"	"Teunomyces_cretensis"	"#FFd200"	198	"CUG-Ser1"	8	"Debaryomycetaceae"	"Teunomyces"	"Ser"	0.599217221135029	3062	"No"
"84"	84	"Candida gorgasii"	"yHMPu5000041863_candida_gorgasii_160928"	"yHMPu5000041863_Candida_gorgasii"	"Candida_gorgasii"	"#FFd200"	173	"CUG-Ser1"	8	"Debaryomycetaceae"	"Candida"	"Ser"	0.601811594202899	3322	"No"
"85"	85	"Suhomyces pyralidae"	"yHMPu5000035011_candida_pyralidae_160519"	"yHMPu5000035011_Candida_pyralidae"	"Suhomyces_pyralidae"	"#FFd200"	203	"CUG-Ser1"	8	"Debaryomycetaceae"	"Suhomyces"	"Ser"	0.571455399061033	3043	"No"
"86"	86	"Candida tammaniensis"	"yHMPu5000041833_candida_tammaniensis_160928"	"yHMPu5000041833_Candida_tammaniensis"	"Candida_tammaniensis"	"#FFd200"	177	"CUG-Ser1"	8	"Debaryomycetaceae"	"Candida"	"Ser"	0.6003663003663	3278	"No"
"87"	87	"Suhomyces canberraensis"	"yHMPu5000035018_candida_canberraensis_160519"	"yHMPu5000035018_Candida_canberraensis"	"Suhomyces_canberraensis"	"#FFd200"	202	"CUG-Ser1"	8	"Debaryomycetaceae"	"Suhomyces"	"Ser"	0.565384615384615	3234	"No"
"88"	88	"Suhomyces emberorum"	"yHMPu5000035022_candida_emberorum_160519"	"yHMPu5000035022_Candida_emberorum"	"Suhomyces_emberorum"	"#FFd200"	201	"CUG-Ser1"	8	"Debaryomycetaceae"	"Suhomyces"	"Ser"	0.577703949796973	3130	"No"
"89"	89	"Teunomyces gatunensis"	"yHMPu5000035032_candida_gatunensis_160519"	"yHMPu5000035032_Candida_gatunensis"	"Teunomyces_gatunensis"	"#FFd200"	199	"CUG-Ser1"	8	"Debaryomycetaceae"	"Teunomyces"	"Ser"	0.565619579880516	2935	"No"
"90"	90	"Candida corydali"	"yHMPu5000034990_candida_corydali_160519"	"yHMPu5000034990_Candida_corydali"	"Candida_corydali"	"#FFd200"	206	"CUG-Ser1"	8	"Debaryomycetaceae"	"Candida"	"Ser"	0.578642229287451	3094	"No"
"91"	91	"Candida ascalaphidarum"	"yHMPu5000041855_candida_ascalaphidarum_160928"	"yHMPu5000041855_Candida_ascalaphidarum"	"Candida_ascalaphidarum"	"#FFd200"	175	"CUG-Ser1"	8	"Debaryomycetaceae"	"Candida"	"Ser"	0.623802730792745	3061	"No"
"92"	92	"Candida wancherniae"	"yHMPu5000041840_candida_wancherniae_160928"	"yHMPu5000041840_Candida_wancherniae"	"Candida_wancherniae"	"#FFd200"	176	"CUG-Ser1"	8	"Metschnikowiaceae"	"Candida"	"Ser"	0.592794302471722	2830	"No"
"93"	93	"Candida heveicola"	"yHMPu5000035707_candida_heveicola_160519"	"yHMPu5000035707_Candida_heveicola"	"Candida_heveicola"	"#FFd200"	184	"CUG-Ser1"	8	"Metschnikowiaceae"	"Candida"	"Ser"	0.609444551964389	3149	"No"
"94"	94	"Candida blattae"	"yHMPu5000035335_candida_blattae_160928"	"yHMPu5000035335_Candida_blattae"	"Candida_blattae"	"#FFd200"	192	"CUG-Ser1"	8	"Metschnikowiaceae"	"Candida"	"Ser"	0.61392289420793	3360	"No"
"95"	95	"Candida hawaiiana"	"yHMPu5000041743_candida_hawaiiana_160928"	"yHMPu5000041743_Candida_hawaiiana"	"Candida_hawaiiana"	"#FFd200"	180	"CUG-Ser1"	8	"Metschnikowiaceae"	"Candida"	"Ser"	0.593347851910513	2997	"No"
"96"	96	"Candida golubevii"	"yHMPu5000041862_candida_golubevii_160928"	"yHMPu5000041862_Candida_golubevii"	"Candida_golubevii"	"#FFd200"	174	"CUG-Ser1"	8	"Metschnikowiaceae"	"Candida"	"Ser"	0.562621444974386	3185	"No"
"97"	97	"Debaryomyces subglobosus"	"yHMPu5000041824_debaryomyces_subglobosus_160928"	"yHMPu5000041824_Debaryomyces_subglobosus"	"Debaryomyces_subglobosus"	"#FFd200"	179	"CUG-Ser1"	8	"Debaryomycetaceae"	"Debaryomyces"	"Ser"	0.571793002915452	3138	"No"
"98"	98	"Debaryomyces prosopidis"	"yHMPu5000041678_debaryomyces_prosopidis_160928"	"yHMPu5000041678_Debaryomyces_prosopidis"	"Debaryomyces_prosopidis"	"#FFd200"	183	"CUG-Ser1"	8	"Debaryomycetaceae"	"Debaryomyces"	"Ser"	0.541095890410959	3318	"No"
"99"	99	"Priceomyces castillae"	"yHMPu5000035297_priceomyces_castillae_160928"	"yHMPu5000035297_Priceomyces_castillae"	"Priceomyces_castillae"	"#FFd200"	195	"CUG-Ser1"	8	"Debaryomycetaceae"	"Priceomyces"	"Ser"	0.590917987864553	3019	"No"
"100"	100	"Ogataea polymorpha"	"ogataea_polymorpha"	"Ogataea_polymorpha"	"Ogataea_polymorpha"	"#FF8200"	73	"Pichiaceae"	7	"Pichiaceae"	"Ogataea"	"Leu"	0.617198666031444	2591	"No"
"101"	101	"Pichia membranifaciens"	"pichia_membranifaciens"	"Pichia_membranifaciens"	"Pichia_membranifaciens"	"#FF8200"	74	"Pichiaceae"	7	"Pichiaceae"	"Pichia"	"Leu"	0.526822276822277	2573	"No"
"102"	102	"Brettanomyces anomalus"	"brettanomyces_anomalus"	"Brettanomyces_anomalus"	"Brettanomyces_anomalus"	"#FF8200"	63	"Pichiaceae"	7	"Pichiaceae"	"Brettanomyces"	"Leu"	0.536689578302062	2889	"No"
"103"	103	"Brettanomyces custersianus"	"yHMPu5000026197_brettanomyces_custersianus_160519"	"yHMPu5000026197_Brettanomyces_custersianus"	"Brettanomyces_custersianus"	"#FF8200"	117	"Pichiaceae"	7	"Pichiaceae"	"Brettanomyces"	"Leu"	0.574620909816441	2880	"No"
"104"	104	"Candida boidinii"	"candida_boidinii_JCM9604"	"Candida_boidinii_JCM9604"	"Candida_boidinii"	"#FF8200"	65	"Pichiaceae"	7	"Pichiaceae"	"Candida"	"Leu"	0.489443699731903	2921	"No"
"105"	105	"Candida succiphila"	"candida_succiphila"	"Candida_succiphila"	"Candida_succiphila"	"#FF8200"	67	"Pichiaceae"	7	"Pichiaceae"	"Candida"	"Leu"	0.573020753266718	2982	"No"
"106"	106	"Candida arabinofermentans"	"candida_arabinofermentans"	"Candida_arabinofermentans"	"Candida_arabinofermentans"	"#FF8200"	64	"Pichiaceae"	7	"Pichiaceae"	"Candida"	"Leu"	0.531656857499554	2981	"No"
"107"	107	"Brettanomyces bruxellensis"	"dekkera_bruxellensis"	"Dekkera_bruxellensis"	"Brettanomyces_bruxellensis"	"#FF8200"	68	"Pichiaceae"	7	"Pichiaceae"	"Brettanomyces"	"Leu"	0.503336339044184	2791	"No"
"108"	108	"Kregervanrija delftensis"	"yHMPu5000035674_kregervanrija_delftensis_160613"	"yHMPu5000035674_Kregervanrija_delftensis"	"Kregervanrija_delftensis"	"#FF8200"	76	"Pichiaceae"	7	"Pichiaceae"	"Kregervanrija"	"Leu"	0.50560294363606	3023	"No"
"109"	109	"Kregervanrija fluxuum"	"yHMPu5000035675_kregervanrija_fluxuum_160613"	"yHMPu5000035675_Kregervanrija_fluxuum"	"Kregervanrija_fluxuum"	"#FF8200"	75	"Pichiaceae"	7	"Pichiaceae"	"Kregervanrija"	"Leu"	0.498842771177287	3233	"No"
"110"	110	"Nakazawaea peltata"	"nakazawaea_peltata"	"Nakazawaea_peltata"	"Nakazawaea_peltata"	"#6A3906"	56	"CUG-Ala"	6	"Saccharomycetales incertae sedis"	"Nakazawaea"	"Ala"	0.632239026189598	3428	"No"
"111"	111	"Nakazawaea holstii"	"yHMPu5000034918_nakazawaea_holstii_160519"	"yHMPu5000034918_Nakazawaea_holstii"	"Nakazawaea_holstii"	"#6A3906"	58	"CUG-Ala"	6	"Saccharomycetales incertae sedis"	"Nakazawaea"	"Ala"	0.56595191682911	3484	"No"
"112"	112	"Ogataea methanolica"	"ogataea_methanolica"	"Ogataea_methanolica"	"Ogataea_methanolica"	"#FF8200"	71	"Pichiaceae"	7	"Pichiaceae"	"Ogataea"	"Leu"	0.550163483049389	3197	"No"
"113"	113	"Ogataea nonfermentans"	"yHMPu5000034904_ogataea_nonfermentans_160519"	"yHMPu5000034904_Ogataea_nonfermentans"	"Ogataea_nonfermentans"	"#FF8200"	88	"Pichiaceae"	7	"Pichiaceae"	"Ogataea"	"Leu"	0.630863121185702	3618	"No"
"114"	114	"Ogataea parapolymorpha"	"ogataea_parapolymorpha"	"Ogataea_parapolymorpha"	"Ogataea_parapolymorpha"	"#FF8200"	72	"Pichiaceae"	7	"Pichiaceae"	"Ogataea"	"Leu"	0.627050101100876	2791	"Yes"
"115"	115	"Ogataea minuta"	"yHMPu5000034902_ogataea_minuta_160519"	"yHMPu5000034902_Ogataea_minuta"	"Ogataea_minuta"	"#FF8200"	90	"Pichiaceae"	7	"Pichiaceae"	"Ogataea"	"Leu"	0.60724106324473	2650	"No"
"116"	116	"Pichia nakasei"	"yHMPu5000034624_pichia_nakasei_160519"	"yHMPu5000034624_Pichia_nakasei"	"Pichia_nakasei"	"#FF8200"	107	"Pichiaceae"	7	"Pichiaceae"	"Pichia"	"Leu"	0.531770222743259	2268	"No"
"117"	117	"Saturnispora zaruensis"	"yHMPu5000034615_saturnispora_zaruensis_160519"	"yHMPu5000034615_Saturnispora_zaruensis"	"Saturnispora_zaruensis"	"#FF8200"	110	"Pichiaceae"	7	"Pichiaceae"	"Saturnispora"	"Leu"	0.560530014053403	2792	"No"
"118"	118	"Saturnispora saitoi"	"yHMPu5000034612_saturnispora_saitoi_160519"	"yHMPu5000034612_Saturnispora_saitoi"	"Saturnispora_saitoi"	"#FF8200"	113	"Pichiaceae"	7	"Pichiaceae"	"Saturnispora"	"Leu"	0.547103689960833	2654	"No"
"119"	119	"Saturnispora dispora"	"yHMPu5000035659_saturnispora_dispora_160519"	"yHMPu5000035659_Saturnispora_dispora"	"Saturnispora_dispora"	"#FF8200"	77	"Pichiaceae"	7	"Pichiaceae"	"Saturnispora"	"Leu"	0.542667771333886	2620	"No"
"120"	120	"Ambrosiozyma kashinagacola"	"ambrosiozyma_kashinagacola"	"Ambrosiozyma_kashinagacola"	"Ambrosiozyma_kashinagacola"	"#FF8200"	61	"Pichiaceae"	7	"Saccharomycetales incertae sedis"	"Ambrosiozyma"	"Leu"	0.582389937106918	3241	"No"
"121"	121	"Ambrosiozyma monospora"	"ambrosiozyma_monospora"	"Ambrosiozyma_monospora"	"Ambrosiozyma_monospora"	"#FF8200"	62	"Pichiaceae"	7	"Saccharomycetales incertae sedis"	"Ambrosiozyma"	"Leu"	0.466718872357087	3576	"No"
"122"	122	"Ambrosiozyma maleeae"	"yHMPu5000035040_ambrosiozyma_maleeae_160519"	"yHMPu5000035040_Ambrosiozyma_maleeae"	"Ambrosiozyma_maleeae"	"#FF8200"	80	"Pichiaceae"	7	"Saccharomycetales incertae sedis"	"Ambrosiozyma"	"Leu"	0.572214841525906	3015	"No"
"123"	123	"Groenewaldozyma salmanticensis"	"yHMPu5000035691_candida_salmanticensis_160519"	"yHMPu5000035691_Candida_salmanticensis"	"Groenewaldozyma_salmanticensis"	"#FF2800"	31	"Dipodascaceae/Trichomonascaceae"	3	"Saccharomycetales incertae sedis"	"Groenewaldozyma"	"Leu"	0.626618950238582	3677	"No"
"124"	124	"Kuraishia capsulata"	"kuraishia_capsulata"	"Kuraishia_capsulata"	"Kuraishia_capsulata"	"#FF8200"	70	"Pichiaceae"	7	"Saccharomycetales incertae sedis"	"Kuraishia"	"Leu"	0.658748866727108	3633	"No"
"125"	125	"Kuraishia ogatae"	"yHMPu5000034932_kuraishia_ogatae_160519"	"yHMPu5000034932_Kuraishia_ogatae"	"Kuraishia_ogatae"	"#FF8200"	87	"Pichiaceae"	7	"Saccharomycetales incertae sedis"	"Kuraishia"	"Leu"	0.581328026053917	3213	"No"
"126"	126	"Kuraishia molischiana"	"yHMPu5000034933_kuraishia_molischiana_160519"	"yHMPu5000034933_Kuraishia_molischiana"	"Kuraishia_molischiana"	"#FF8200"	86	"Pichiaceae"	7	"Saccharomycetales incertae sedis"	"Kuraishia"	"Leu"	0.659214830970556	3627	"No"
"127"	127	"Pachysolen tannophilus"	"pachysolen_tannophilus"	"Pachysolen_tannophilus"	"Pachysolen_tannophilus"	"#6A3906"	57	"CUG-Ala"	6	"Saccharomycetales incertae sedis"	"Pachysolen"	"Ala"	0.543085476025017	3126	"No"
"128"	128	"Martiniozyma abiesophila"	"yHMPu5000034631_martiniozyma_abiesophila_161215"	"yHMPu5000034631_Martiniozyma_abiesophila"	"Martiniozyma_abiesophila"	"#FF8200"	103	"Pichiaceae"	7	"Pichiaceae"	"Martiniozyma"	"Leu"	0.354818174584228	4459	"No"
"129"	129	"Candida montana"	"yHMPu5000035037_candida_montana_160519"	"yHMPu5000035037_Candida_montana"	"Candida_montana"	"#00e4ff"	248	"Phaffomycetaceae"	10	"Phaffomycetaceae"	"Candida"	"Leu"	0.583405508401178	3368	"No"
"130"	130	"Candida freyschussii"	"yHMPu5000034967_candida_freyschussii_160519"	"yHMPu5000034967_Candida_freyschussii"	"Candida_freyschussii"	"#00e4ff"	251	"Phaffomycetaceae"	10	"Phaffomycetaceae"	"Candida"	"Leu"	0.645560407569141	3548	"No"
"131"	131	"Candida incommunis"	"yHMPu5000035244_candida_incommunis_160928"	"yHMPu5000035244_Candida_incommunis"	"Candida_incommunis"	"#FF2800"	36	"Dipodascaceae/Trichomonascaceae"	3	"Saccharomycetales incertae sedis"	"Candida"	"Leu"	0.634163575340046	3590	"No"
"132"	132	"Ogataea trehaloabstinens"	"yHMPu5000034887_ogataea_trehaloabstinens_160519"	"yHMPu5000034887_Ogataea_trehaloabstinens"	"Ogataea_trehaloabstinens"	"#FF8200"	98	"Pichiaceae"	7	"Pichiaceae"	"Ogataea"	"Leu"	0.615453247680228	3449	"No"
"133"	133	"Ogataea populialbae"	"yHMPu5000034637_ogataea_populiabae_160519"	"yHMPu5000034637_Ogataea_populiabae"	"Ogataea_populialbae"	"#FF8200"	101	"Pichiaceae"	7	"Pichiaceae"	"Ogataea"	"Leu"	0.589357798165138	3212	"No"
"134"	134	"Ogataea naganishii"	"yHMPu5000034903_ogataea_naganishii_160519"	"yHMPu5000034903_Ogataea_naganishii"	"Ogataea_naganishii"	"#FF8200"	89	"Pichiaceae"	7	"Pichiaceae"	"Ogataea"	"Leu"	0.594676231829337	3150	"No"
"135"	135	"Ogataea pini"	"yHMPu5000034891_ogataea_pini_160519"	"yHMPu5000034891_Ogataea_pini"	"Ogataea_pini"	"#FF8200"	96	"Pichiaceae"	7	"Pichiaceae"	"Ogataea"	"Leu"	0.611826151837344	3280	"No"
"136"	136	"Ogataea kodamae"	"yHMPu5000034899_ogataea_kodamae_160519"	"yHMPu5000034899_Ogataea_kodamae"	"Ogataea_kodamae"	"#FF8200"	92	"Pichiaceae"	7	"Pichiaceae"	"Ogataea"	"Leu"	0.625250501002004	2808	"No"
"137"	137	"Ogataea ramenticola"	"yHMPu5000034890_ogataea_ramenticola_160519"	"yHMPu5000034890_Ogataea_ramenticola"	"Ogataea_ramenticola"	"#FF8200"	97	"Pichiaceae"	7	"Pichiaceae"	"Ogataea"	"Leu"	0.541238877481177	3163	"No"
"138"	138	"Ogataea philodendri"	"yHMPu5000034893_ogataea_philodendra_160519"	"yHMPu5000034893_Ogataea_philodendra"	"Ogataea_philodendri"	"#FF8200"	94	"Pichiaceae"	7	"Pichiaceae"	"Ogataea"	"Leu"	0.634920634920635	2960	"No"
"139"	139	"Ogataea glucozyma"	"yHMPu5000034897_ogataea_glucozyma_160519"	"yHMPu5000034897_Ogataea_glucozyma"	"Ogataea_glucozyma"	"#FF8200"	93	"Pichiaceae"	7	"Pichiaceae"	"Ogataea"	"Leu"	0.603543171654627	3509	"No"
"140"	140	"Ogataea henricii"	"yHMPu5000026124_ogataea_henricii_160519"	"yHMPu5000026124_Ogataea_henricii"	"Ogataea_henricii"	"#FF8200"	121	"Pichiaceae"	7	"Pichiaceae"	"Ogataea"	"Leu"	0.595328625746877	3288	"No"
"141"	141	"Ogataea zsoltii"	"yHMPu5000034885_ogataea_zsoltii_160519"	"yHMPu5000034885_Ogataea_zsoltii"	"Ogataea_zsoltii"	"#FF8200"	100	"Pichiaceae"	7	"Pichiaceae"	"Ogataea"	"Leu"	0.634150839018993	3439	"No"
"142"	142	"Ogataea methylivora"	"yHMPu5000034901_ogataea_methylivora_160519"	"yHMPu5000034901_Ogataea_methylivora"	"Ogataea_methylivora"	"#FF8200"	91	"Pichiaceae"	7	"Pichiaceae"	"Ogataea"	"Leu"	0.588021178027796	3554	"No"
"143"	143	"Ogataea trehalophila"	"yHMPu5000034886_ogataea_trehalophila_160519"	"yHMPu5000034886_Ogataea_trehalophila"	"Ogataea_trehalophila"	"#FF8200"	99	"Pichiaceae"	7	"Pichiaceae"	"Ogataea"	"Leu"	0.535521973249957	3083	"No"
"144"	144	"Ogataea nitratoaversa"	"yHMPu5000034636_ogataea_nitratoaversa_160519"	"yHMPu5000034636_Ogataea_nitratoaversa"	"Ogataea_nitratoaversa"	"#FF8200"	102	"Pichiaceae"	7	"Pichiaceae"	"Ogataea"	"Leu"	0.541430777148739	3156	"Yes"
"145"	145	"Ogataea pilisensis"	"yHMPu5000034892_ogataea_pilisensis_160519"	"yHMPu5000034892_Ogataea_pilisensis"	"Ogataea_pilisensis"	"#FF8200"	95	"Pichiaceae"	7	"Pichiaceae"	"Ogataea"	"Leu"	0.544582097365207	3121	"No"
"146"	146	"Pichia exigua"	"yHMPu5000034629_pichia_exigua_160519"	"yHMPu5000034629_Pichia_exigua"	"Pichia_exigua"	"#FF8200"	104	"Pichiaceae"	7	"Pichiaceae"	"Pichia"	"Leu"	0.506339303682834	2516	"No"
"147"	147	"Pichia terricola"	"yHMPu5000035301_pichia_terricola_160928"	"yHMPu5000035301_Pichia_terricola"	"Pichia_terricola"	"#FF8200"	78	"Pichiaceae"	7	"Pichiaceae"	"Pichia"	"Leu"	0.547942546583851	2823	"No"
"148"	148	"Pichia occidentalis"	"yHMPu5000034622_pichia_occidentalis_160519"	"yHMPu5000034622_Pichia_occidentalis"	"Pichia_occidentalis"	"#FF8200"	109	"Pichiaceae"	7	"Pichiaceae"	"Pichia"	"Leu"	0.517618694362018	2791	"No"
"149"	149	"Pichia kudriavzevii"	"yHMPu5000034625_pichia_kudriavzevii_160519"	"yHMPu5000034625_Pichia_kudriavzevii"	"Pichia_kudriavzevii"	"#FF8200"	106	"Pichiaceae"	7	"Pichiaceae"	"Pichia"	"Leu"	0.532323820617356	2742	"No"
"150"	150	"Pichia norvegensis"	"yHMPu5000034623_pichia_norvegensis_160519"	"yHMPu5000034623_Pichia_norvegensis"	"Pichia_norvegensis"	"#FF8200"	108	"Pichiaceae"	7	"Pichiaceae"	"Pichia"	"Leu"	0.537137137137137	2683	"No"
"151"	151	"Pichia heedii"	"yHMPu5000034627_pichia_heedii_160519"	"yHMPu5000034627_Pichia_heedii"	"Pichia_heedii"	"#FF8200"	105	"Pichiaceae"	7	"Pichiaceae"	"Pichia"	"Leu"	0.51943256898562	2673	"No"
"152"	152	"Saturnispora silvae"	"yHMPu5000034614_saturnispora_silvae_160519"	"yHMPu5000034614_Saturnispora_silvae"	"Saturnispora_silvae"	"#FF8200"	111	"Pichiaceae"	7	"Pichiaceae"	"Saturnispora"	"Leu"	0.589647577092511	2677	"No"
"153"	153	"Saturnispora hagleri"	"yHMPu5000034610_saturnispora_hagleri_160519"	"yHMPu5000034610_Saturnispora_hagleri"	"Saturnispora_hagleri"	"#FF8200"	115	"Pichiaceae"	7	"Pichiaceae"	"Saturnispora"	"Leu"	0.561946902654867	2794	"No"
"154"	154	"Saturnispora mendoncae"	"yHMPu5000034611_saturnispora_mendoncae_160519"	"yHMPu5000034611_Saturnispora_mendoncae"	"Saturnispora_mendoncae"	"#FF8200"	114	"Pichiaceae"	7	"Pichiaceae"	"Saturnispora"	"Leu"	0.544940152339499	2504	"No"
"155"	155	"Saturnispora serradocipensis"	"yHMPu5000034613_saturnispora_serradocipensis_160519"	"yHMPu5000034613_Saturnispora_serradocipensis"	"Saturnispora_serradocipensis"	"#FF8200"	112	"Pichiaceae"	7	"Pichiaceae"	"Saturnispora"	"Leu"	0.54497781363453	2702	"No"
"156"	156	"Ambrosiozyma philentoma"	"yHMPu5000034947_ambrosiozyma_philentoma_160519"	"yHMPu5000034947_Ambrosiozyma_philentoma"	"Ambrosiozyma_philentoma"	"#FF8200"	83	"Pichiaceae"	7	"Saccharomycetales incertae sedis"	"Ambrosiozyma"	"Leu"	0.528561099060014	3655	"No"
"157"	157	"Ambrosiozyma ambrosiae"	"yHMPu5000026137_ambrosiozyma_ambrosiae_160519"	"yHMPu5000026137_Ambrosiozyma_ambrosiae"	"Ambrosiozyma_ambrosiae"	"#FF8200"	120	"Pichiaceae"	7	"Saccharomycetales incertae sedis"	"Ambrosiozyma"	"Leu"	0.52490234375	3225	"No"
"158"	158	"Ambrosiozyma oregonensis"	"yHMPu5000034946_ambrosiozyma_oregonensis_160519"	"yHMPu5000034946_Ambrosiozyma_oregonensis"	"Ambrosiozyma_oregonensis"	"#FF8200"	84	"Pichiaceae"	7	"Saccharomycetales incertae sedis"	"Ambrosiozyma"	"Leu"	0.523831070889894	3473	"No"
"159"	159	"Ambrosiozyma pseudovanderkliftii"	"yHMPu5000035041_ambrosiozyma_pseudovanderkliftii_160519"	"yHMPu5000035041_Ambrosiozyma_pseudovanderkliftii"	"Ambrosiozyma_pseudovanderkliftii"	"#FF8200"	79	"Pichiaceae"	7	"Saccharomycetales incertae sedis"	"Ambrosiozyma"	"Leu"	0.551987767584098	3249	"No"
"160"	160	"Ambrosiozyma vanderkliftii"	"yHMPu5000026145_ambrosiozyma_vanderkliftii_160519"	"yHMPu5000026145_Ambrosiozyma_vanderkliftii"	"Ambrosiozyma_vanderkliftii"	"#FF8200"	118	"Pichiaceae"	7	"Saccharomycetales incertae sedis"	"Ambrosiozyma"	"Leu"	0.544735956945846	3239	"No"
"161"	161	"Blastobotrys nivea"	"yHMPu5000034673_blastobotrys_nivea_160519"	"yHMPu5000034673_Blastobotrys_nivea"	"Blastobotrys_nivea"	"#FF2800"	43	"Dipodascaceae/Trichomonascaceae"	3	"Trichomonascaceae"	"Blastobotrys"	"Leu"	0.513863025036209	4967	"No"
"162"	162	"Nadsonia fulvescens var. elongata"	"nadsonia_fulvescens_var_elongata"	"Nadsonia_fulvescens_var_elongata"	"Nadsonia_fulvescens_var._elongata"	"#FF2800"	21	"Dipodascaceae/Trichomonascaceae"	3	"Dipodascaceae"	"Nadsonia"	"Leu"	0.548225973131244	3183	"No"
"163"	163	"Nadsonia fulvescens var. fulvescens"	"yHMPu5000034635_nadsonia_fulvescens_160519"	"yHMPu5000034635_Nadsonia_fulvescens"	"Nadsonia_fulvescens_var._fulvescens"	"#FF2800"	51	"Dipodascaceae/Trichomonascaceae"	3	"Dipodascaceae"	"Nadsonia"	"Leu"	0.517892644135189	3647	"No"
"164"	164	"Wickerhamiella infanticola"	"candida_infanticola"	"Candida_infanticola"	"Wickerhamiella_infanticola"	"#FF2800"	18	"Dipodascaceae/Trichomonascaceae"	3	"Dipodascaceae"	"Wickerhamiella"	"Leu"	0.695535113304914	3100	"No"
"165"	165	"Wickerhamiella versatilis"	"candida_versatilis"	"Candida_versatilis"	"Wickerhamiella_versatilis"	"#FF2800"	19	"Dipodascaceae/Trichomonascaceae"	3	"Dipodascaceae"	"Wickerhamiella"	"Leu"	0.694016152716593	3781	"No"
"166"	166	"Candida hispaniensis"	"yHMPu5000035633_candida_hispaniensis_160519"	"yHMPu5000035633_Candida_hispaniensis"	"Candida_hispaniensis"	"#FF2800"	35	"Dipodascaceae/Trichomonascaceae"	3	"Dipodascaceae"	"Candida"	"Leu"	0.628800596903563	3371	"No"
"167"	167	"Starmerella apicola"	"candida_apicola"	"Candida_apicola"	"Starmerella_apicola"	"#FF2800"	17	"Dipodascaceae/Trichomonascaceae"	3	"Dipodascaceae"	"Candida"	"Leu"	0.626952718183712	3010	"No"
"168"	168	"Dipodascus geniculatus"	"yHMPu5000041822_dipodascus_geniculatus_160928"	"yHMPu5000041822_Dipodascus_geniculatus"	"Dipodascus_geniculatus"	"#FF2800"	29	"Dipodascaceae/Trichomonascaceae"	3	"Dipodascaceae"	"Dipodascus"	"Leu"	0.565703499346595	3896	"No"
"169"	169	"Dipodascus albidus"	"yHMPu5000034661_dipodascus_albidus_160519"	"yHMPu5000034661_Dipodascus_albidus"	"Dipodascus_albidus"	"#FF2800"	48	"Dipodascaceae/Trichomonascaceae"	3	"Dipodascaceae"	"Dipodascus"	"Leu"	0.556585500830105	4023	"No"
"170"	170	"Geotrichum candidum"	"geotrichum_candidum"	"Geotrichum_candidum"	"Geotrichum_candidum"	"#FF2800"	20	"Dipodascaceae/Trichomonascaceae"	3	"Dipodascaceae"	"Geotrichum"	"Leu"	0.575176304654443	4078	"No"
"171"	171	"Magnusiomyces tetraspermus"	"yHMPu5000041818_magnusiomyces_tetrasperma_160928"	"yHMPu5000041818_Magnusiomyces_tetrasperma"	"Magnusiomyces_tetraspermus"	"#FF2800"	30	"Dipodascaceae/Trichomonascaceae"	3	"Dipodascaceae"	"Magnusiomyces"	"Leu"	0.431514023042011	3708	"No"
"172"	172	"Sporopachydermia quercuum"	"sporopachydermia_quercuum"	"Sporopachydermia_quercuum"	"Sporopachydermia_quercuum"	"#7F00FF"	54	"Sporopachydermia clade"	5	"Saccharomycetales incertae sedis"	"Sporopachydermia"	"Leu"	0.539773686877217	3196	"Yes"
"173"	173	"Starmerella bombicola"	"starmerella_bombicola_JCM9596"	"Starmerella_bombicola_JCM9596"	"Starmerella_bombicola"	"#FF2800"	23	"Dipodascaceae/Trichomonascaceae"	3	"Dipodascaceae"	"Starmerella"	"Leu"	0.629788144660817	2943	"No"
"174"	174	"Yarrowia lipolytica"	"yarrowia_lipolytica"	"Yarrowia_lipolytica"	"Yarrowia_lipolytica"	"#FF2800"	28	"Dipodascaceae/Trichomonascaceae"	3	"Dipodascaceae"	"Yarrowia"	"Leu"	0.602750429754649	3857	"Yes"
"175"	175	"Yarrowia keelungensis"	"yarrowia_keelungensis"	"Yarrowia_keelungensis"	"Yarrowia_keelungensis"	"#FF2800"	27	"Dipodascaceae/Trichomonascaceae"	3	"Dipodascaceae"	"Yarrowia"	"Leu"	0.612511818468326	3887	"No"
"176"	176	"Yarrowia deformans"	"yarrowia_deformans"	"Yarrowia_deformans"	"Yarrowia_deformans"	"#FF2800"	26	"Dipodascaceae/Trichomonascaceae"	3	"Dipodascaceae"	"Yarrowia"	"Leu"	0.604356558010196	3912	"No"
"177"	177	"Blastobotrys adeninivorans"	"arxula_adeninivorans"	"Arxula_adeninivorans"	"Blastobotrys_adeninivorans"	"#FF2800"	16	"Dipodascaceae/Trichomonascaceae"	3	"Trichomonascaceae"	"Blastobotrys"	"Leu"	0.687394103693663	4057	"No"
"178"	178	"Blastobotrys raffinosifermentans"	"yHMPu5000034669_blastobotrys_raffinofermentans_160519"	"yHMPu5000034669_Blastobotrys_raffinofermentans"	"Blastobotrys_raffinosifermentans"	"#FF2800"	46	"Dipodascaceae/Trichomonascaceae"	3	"Trichomonascaceae"	"Blastobotrys"	"Leu"	0.683795103092783	4245	"No"
"179"	179	"Blastobotrys americana"	"yHMPu5000034681_blastobotrys_americana_160519"	"yHMPu5000034681_Blastobotrys_americana"	"Blastobotrys_americana"	"#FF2800"	40	"Dipodascaceae/Trichomonascaceae"	3	"Trichomonascaceae"	"Blastobotrys"	"Leu"	0.646619155223362	3720	"No"
"180"	180	"Diddensiella caesifluorescens"	"yHMPu5000034660_diddensiella_caesifluorescens_160519"	"yHMPu5000034660_Diddensiella_caesifluorescens"	"Diddensiella_caesifluorescens"	"#FF2800"	49	"Dipodascaceae/Trichomonascaceae"	3	"Trichomonascaceae"	"Diddensiella"	"Leu"	0.657865078087265	4086	"No"
"181"	181	"Spencermartinsiella europaea"	"yHMPu5000034605_spencermartinsiella_europaea_160519"	"yHMPu5000034605_Spencermartinsiella_europaea"	"Spencermartinsiella_europaea"	"#FF2800"	52	"Dipodascaceae/Trichomonascaceae"	3	"Trichomonascaceae"	"Spencermartinsiella"	"Leu"	0.665829145728643	4240	"No"
"182"	182	"Sugiyamaella lignohabitans"	"sugiyamaella_lignohabitans"	"Sugiyamaella_lignohabitans"	"Sugiyamaella_lignohabitans"	"#FF2800"	24	"Dipodascaceae/Trichomonascaceae"	3	"Trichomonascaceae"	"Sugiyamaella"	"Leu"	0.57796875	3699	"No"
"183"	183	"Wickerhamiella domercqiae"	"wickerhamiella_domercqiae"	"Wickerhamiella_domercqiae"	"Wickerhamiella_domercqiae"	"#FF2800"	25	"Dipodascaceae/Trichomonascaceae"	3	"Trichomonascaceae"	"Wickerhamiella"	"Leu"	0.633932912007778	2608	"No"
"184"	184	"Wickerhamiella cacticola"	"yHMPu5000034646_wickerhamiella_cacticola_160519"	"yHMPu5000034646_Wickerhamiella_cacticola"	"Wickerhamiella_cacticola"	"#FF2800"	50	"Dipodascaceae/Trichomonascaceae"	3	"Trichomonascaceae"	"Wickerhamiella"	"Leu"	0.625258086717137	3634	"No"
"185"	185	"Zygoascus ofunaensis"	"yHMPu5000035242_zygoascus_ofunaensis_160928"	"yHMPu5000035242_Zygoascus_ofunaensis"	"Zygoascus_ofunaensis"	"#FF2800"	38	"Dipodascaceae/Trichomonascaceae"	3	"Trichomonascaceae"	"Zygoascus"	"Leu"	0.615303430079156	3498	"No"
"186"	186	"Zygoascus meyerae"	"yHMPu5000035243_zygoascus_meyerae_160928"	"yHMPu5000035243_Zygoascus_meyerae"	"Zygoascus_meyerae"	"#FF2800"	37	"Dipodascaceae/Trichomonascaceae"	3	"Trichomonascaceae"	"Zygoascus"	"Leu"	0.656820622986036	3669	"Yes"
"187"	187	"Sporopachydermia lactativora"	"yHMPu5000034604_sporopachydermia_lactativora_160519"	"yHMPu5000034604_Sporopachydermia_lactativora"	"Sporopachydermia_lactativora"	"#7F00FF"	55	"Sporopachydermia clade"	5	"Saccharomycetales incertae sedis"	"Sporopachydermia"	"Leu"	0.555717761557178	3426	"No"
"188"	188	"Wickerhamomyces sp."	"yHMPu5000035286_candida_azyma_160928"	"yHMPu5000035286_Candida_azyma"	"Wickerhamomyces_sp._YB_2243"	"#00e4ff"	238	"Phaffomycetaceae"	10	"Phaffomycetaceae"	"Wickerhamomyces"	"Leu"	0.606901217861976	3588	"No"
"189"	189	"Yarrowia bubula"	"yHMPu5000035643_yarrowia_bubula_160519"	"yHMPu5000035643_Yarrowia_bubula"	"Yarrowia_bubula"	"#FF2800"	34	"Dipodascaceae/Trichomonascaceae"	3	"Dipodascaceae"	"Yarrowia"	"Leu"	0.596540508574808	4035	"No"
"190"	190	"Yarrowia divulgata"	"yHMPu5000035645_yarrowia_divulgata_160519"	"yHMPu5000035645_Yarrowia_divulgata"	"Yarrowia_divulgata"	"#FF2800"	33	"Dipodascaceae/Trichomonascaceae"	3	"Dipodascaceae"	"Yarrowia"	"Leu"	0.603124530569325	4015	"No"
"191"	191	"Blastobotrys mokoenaii"	"yHMPu5000034675_blastobotrys_mokoenaii_160519"	"yHMPu5000034675_Blastobotrys_mokoenaii"	"Blastobotrys_mokoenaii"	"#FF2800"	41	"Dipodascaceae/Trichomonascaceae"	3	"Trichomonascaceae"	"Blastobotrys"	"Leu"	0.660607044310988	4070	"No"
"192"	192	"Blastobotrys muscicola"	"yHMPu5000034674_blastobotrys_muscicola_160519"	"yHMPu5000034674_Blastobotrys_muscicola"	"Blastobotrys_muscicola"	"#FF2800"	42	"Dipodascaceae/Trichomonascaceae"	3	"Trichomonascaceae"	"Blastobotrys"	"Leu"	0.629756242568371	4237	"No"
"193"	193	"Blastobotrys serpentis"	"yHMPu5000034667_blastobotrys_serpentis_160519"	"yHMPu5000034667_Blastobotrys_serpentis"	"Blastobotrys_serpentis"	"#FF2800"	47	"Dipodascaceae/Trichomonascaceae"	3	"Trichomonascaceae"	"Blastobotrys"	"Leu"	0.64695313669711	4321	"No"
"194"	194	"Blastobotrys proliferans"	"yHMPu5000034670_blastobotrys_proliferans_160519"	"yHMPu5000034670_Blastobotrys_proliferans"	"Blastobotrys_proliferans"	"#FF2800"	45	"Dipodascaceae/Trichomonascaceae"	3	"Trichomonascaceae"	"Blastobotrys"	"Leu"	0.608367071524966	4508	"No"
"195"	195	"Blastobotrys peoriensis"	"yHMPu5000034671_blastobotrys_peoriensis_160519"	"yHMPu5000034671_Blastobotrys_peoriensis"	"Blastobotrys_peoriensis"	"#FF2800"	44	"Dipodascaceae/Trichomonascaceae"	3	"Trichomonascaceae"	"Blastobotrys"	"Leu"	0.665813879117365	4164	"No"
"196"	196	"Lipomyces oligophaga"	"yHMPu5000034748_lipomyces_oligophaga_160519"	"yHMPu5000034748_Lipomyces_oligophaga"	"Lipomyces_oligophaga"	"#FF0EF0"	8	"Lipomycetaceae"	1	"Lipomycetaceae"	"Lipomyces"	"Leu"	0.580047994514913	3384	"Yes"
"197"	197	"Lipomyces starkeyi"	"lipomyces_starkeyi"	"Lipomyces_starkeyi"	"Lipomyces_starkeyi"	"#FF0EF0"	1	"Lipomycetaceae"	1	"Lipomycetaceae"	"Lipomyces"	"Leu"	0.524497629261684	4646	"No"
"198"	198	"Lipomyces suomiensis"	"yHMPu5000034742_lipomyces_suomiensis_160519"	"yHMPu5000034742_Lipomyces_suomiensis"	"Lipomyces_suomiensis"	"#FF0EF0"	9	"Lipomycetaceae"	1	"Lipomycetaceae"	"Lipomyces"	"Leu"	0.610652420268739	3772	"No"
"199"	199	"Lipomyces doorenjongii"	"yHMPu5000034757_lipomyces_doorenjongii_160519"	"yHMPu5000034757_Lipomyces_doorenjongii"	"Lipomyces_doorenjongii"	"#FF0EF0"	5	"Lipomycetaceae"	1	"Lipomycetaceae"	"Lipomyces"	"Leu"	0.604046242774566	3553	"No"
"200"	200	"Lipomyces mesembrius"	"yHMPu5000034749_lipomyces_mesembrius_160519"	"yHMPu5000034749_Lipomyces_mesembrius"	"Lipomyces_mesembrius"	"#FF0EF0"	7	"Lipomycetaceae"	1	"Lipomycetaceae"	"Lipomyces"	"Leu"	0.523726774495388	3918	"No"
"201"	201	"Lipomyces kononenkoae"	"yHMPu5000034760_lipomyces_kononenkoae_160519"	"yHMPu5000034760_Lipomyces_kononenkoae"	"Lipomyces_kononenkoae"	"#FF0EF0"	3	"Lipomycetaceae"	1	"Lipomycetaceae"	"Lipomyces"	"Leu"	0.580947423217074	4464	"No"
"202"	202	"Lipomyces japonicus"	"yHMPu5000034758_lipomyces_japonicus_160519"	"yHMPu5000034758_Lipomyces_japonicus"	"Lipomyces_japonicus"	"#FF0EF0"	4	"Lipomycetaceae"	1	"Lipomycetaceae"	"Lipomyces"	"Leu"	0.557303717414777	3613	"Yes"
"203"	203	"Lipomyces lipofer"	"yHMPu5000034761_lipomyces_lipofer_160519"	"yHMPu5000034761_Lipomyces_lipofer"	"Lipomyces_lipofer"	"#FF0EF0"	2	"Lipomycetaceae"	1	"Lipomycetaceae"	"Lipomyces"	"Leu"	0.576565250188584	4586	"No"
"204"	204	"Lipomyces arxii"	"yHMPu5000034754_lipomyces_arxii_160519"	"yHMPu5000034754_Lipomyces_arxii"	"Lipomyces_arxii"	"#FF0EF0"	6	"Lipomycetaceae"	1	"Lipomycetaceae"	"Lipomyces"	"Leu"	0.534559442240654	4447	"No"
"205"	205	"Botryozyma nematodophila"	"yHMPu5000034655_botryozyma_nematodophila_160519"	"yHMPu5000034655_Botryozyma_nematodophila"	"Botryozyma_nematodophila"	"#FF0090"	15	"Trigonopsidaceae"	2	"Trigonopsidaceae"	"Botryozyma"	"Leu"	0.353687262185178	3904	"No"
"206"	206	"Tortispora caseinolytica"	"tortispora_caseinolytica"	"Tortispora_caseinolytica"	"Tortispora_caseinolytica"	"#FF0090"	10	"Trigonopsidaceae"	2	"Trigonopsidaceae"	"Tortispora"	"Leu"	0.631648642683734	2862	"No"
"207"	207	"Tortispora ganteri"	"yHMPu5000035654_tortispora_ganteri_160519"	"yHMPu5000035654_Tortispora_ganteri"	"Tortispora_ganteri"	"#FF0090"	11	"Trigonopsidaceae"	2	"Trigonopsidaceae"	"Tortispora"	"Leu"	0.613440551407237	3204	"No"
"208"	208	"Tortispora starmeri"	"yHMPu5000035279_tortispora_starmeri_160928"	"yHMPu5000035279_Tortispora_starmeri"	"Tortispora_starmeri"	"#FF0090"	14	"Trigonopsidaceae"	2	"Trigonopsidaceae"	"Tortispora"	"Leu"	0.634452082490902	3138	"No"
"209"	209	"Trigonopsis variabilis"	"yHMPu5000035650_trigonopsis_variabilis_160613"	"yHMPu5000035650_Trigonopsis_variabilis"	"Trigonopsis_variabilis"	"#FF0090"	12	"Trigonopsidaceae"	2	"Trigonopsidaceae"	"Trigonopsis"	"Leu"	0.644419930134216	3505	"No"
"210"	210	"Trigonopsis vinaria"	"yHMPu5000035282_trigonopsis_vinaria_160928"	"yHMPu5000035282_Trigonopsis_vinaria"	"Trigonopsis_vinaria"	"#FF0090"	13	"Trigonopsidaceae"	2	"Trigonopsidaceae"	"Trigonopsis"	"Leu"	0.612873307364125	3304	"Yes"
"211"	211	"Ascoidea asiatica"	"ascoidea_asiatica"	"Ascoidea_asiatica"	"Ascoidea_asiatica"	"#b0ff00"	216	"CUG-Ser2"	9	"Ascoideaceae"	"Ascoidea"	"Ser"	0.404041738211597	3059	"No"
"212"	212	"Ascoidea rubescens"	"ascoidea_rubescens"	"Ascoidea_rubescens"	"Ascoidea_rubescens"	"#b0ff00"	217	"CUG-Ser2"	9	"Ascoideaceae"	"Ascoidea"	"Ser"	0.422000643293663	2624	"No"
"213"	213	"Saccharomycopsis malanga"	"saccharomycopsis_malanga"	"Saccharomycopsis_malanga"	"Saccharomycopsis_malanga"	"#b0ff00"	218	"CUG-Ser2"	9	"Saccharomycopsidaceae"	"Saccharomycopsis"	"Ser"	0.519856770833333	3194	"Yes"
"214"	214	"Saccharomycopsis capsularis"	"yHMPu5000034607_saccharomycopsis_capsularis_160519"	"yHMPu5000034607_Saccharomycopsis_capsularis"	"Saccharomycopsis_capsularis"	"#b0ff00"	219	"CUG-Ser2"	9	"Saccharomycopsidaceae"	"Saccharomycopsis"	"Ser"	0.478280407429598	3193	"No"
"215"	215	"Candida sorboxylosa"	"candida_sorboxylosa"	"Candida_sorboxylosa"	"Candida_sorboxylosa"	"#FF8200"	66	"Pichiaceae"	7	"Saccharomycetales incertae sedis"	"Candida"	"Leu"	0.553705815279361	2428	"No"
"216"	216	"Komagataella pastoris"	"komagataella_pastoris"	"Komagataella_pastoris"	"Komagataella_pastoris"	"#FF8200"	69	"Pichiaceae"	7	"Saccharomycetales incertae sedis"	"Komagataella"	"Leu"	0.622310424065177	2979	"Yes"
"217"	217	"Barnettozyma salicaria"	"yHMPu5000035048_barnettozyma_salicaria_160519"	"yHMPu5000035048_Barnettozyma_salicaria"	"Barnettozyma_salicaria"	"#00e4ff"	243	"Phaffomycetaceae"	10	"Phaffomycetaceae"	"Barnettozyma"	"Leu"	0.616147053523157	3419	"No"
"218"	218	"Barnettozyma californica"	"yHMPu5000035044_barnettozyma_californica_160519"	"yHMPu5000035044_Barnettozyma_californica"	"Barnettozyma_californica"	"#00e4ff"	247	"Phaffomycetaceae"	10	"Phaffomycetaceae"	"Barnettozyma"	"Leu"	0.612757843647079	3535	"No"
"219"	219	"Barnettozyma populi"	"yHMPu5000035046_barnettozyma_populi_160613"	"yHMPu5000035046_Barnettozyma_populi"	"Barnettozyma_populi"	"#00e4ff"	245	"Phaffomycetaceae"	10	"Phaffomycetaceae"	"Barnettozyma"	"Leu"	0.621130309575234	3451	"No"
"220"	220	"Candida mycetangii"	"yHMPu5000035689_candida_mycetangii_160613"	"yHMPu5000035689_Candida_mycetangii"	"Candida_mycetangii"	"#00e4ff"	227	"Phaffomycetaceae"	10	"Phaffomycetaceae"	"Candida"	"Leu"	0.644894366197183	3663	"No"
"221"	221	"Candida vartiovaarae"	"yHMPu5000035690_candida_vartiovaarae_160613"	"yHMPu5000035690_Candida_vartiovaarae"	"Candida_vartiovaarae"	"#00e4ff"	226	"Phaffomycetaceae"	10	"Phaffomycetaceae"	"Candida"	"Leu"	0.616929698708752	3440	"No"
"222"	222	"Candida orba"	"yHMPu5000035673_candida_orba_160613"	"yHMPu5000035673_Candida_orba"	"Candida_orba"	"#00e4ff"	231	"Phaffomycetaceae"	10	"Phaffomycetaceae"	"Candida"	"Leu"	0.585584005612066	3339	"Yes"
"223"	223	"Candida stellimalicola"	"yHMPu5000034597_candida_stellimalicola_160519"	"yHMPu5000034597_Candida_stellimalicola"	"Candida_stellimalicola"	"#00e4ff"	252	"Phaffomycetaceae"	10	"Phaffomycetaceae"	"Candida"	"Leu"	0.633346198379004	3282	"No"
"224"	224	"Cyberlindnera fabianii"	"cyberlindnera_fabianii_JCM3601"	"Cyberlindnera_fabianii_JCM3601"	"Cyberlindnera_fabianii"	"#00e4ff"	220	"Phaffomycetaceae"	10	"Phaffomycetaceae"	"Cyberlindnera"	"Leu"	0.64544341437817	3690	"No"
"225"	225	"Cyberlindnera jadinii"	"cyberlindnera_jadinii"	"Cyberlindnera_jadinii"	"Cyberlindnera_jadinii"	"#00e4ff"	221	"Phaffomycetaceae"	10	"Phaffomycetaceae"	"Cyberlindnera"	"Leu"	0.605018906840839	3520	"No"
"226"	226	"Cyberlindnera americana"	"yHMPu5000035703_cyberlindnera_americana_160613"	"yHMPu5000035703_Cyberlindnera_americana"	"Cyberlindnera_americana"	"#00e4ff"	224	"Phaffomycetaceae"	10	"Phaffomycetaceae"	"Cyberlindnera"	"Leu"	0.64191163830153	3734	"No"
"227"	227	"Komagataella populi"	"yHMPu5000026274_komagataella_populi_160519"	"yHMPu5000026274_Komagataella_populi"	"Komagataella_populi"	"#FF8200"	116	"Pichiaceae"	7	"Saccharomycetales incertae sedis"	"Komagataella"	"Leu"	0.620247933884298	3002	"No"
"228"	228	"Komagataella pseudopastoris"	"yHMPu5000034939_komagataella_pseudopastoris_160519"	"yHMPu5000034939_Komagataella_pseudopastoris"	"Komagataella_pseudopastoris"	"#FF8200"	85	"Pichiaceae"	7	"Saccharomycetales incertae sedis"	"Komagataella"	"Leu"	0.616637323943662	2802	"No"
"229"	229	"Phaffomyces thermotolerans"	"yHMPu5000035672_phaffomyces_thermotolerans_160613"	"yHMPu5000035672_Phaffomyces_thermotolerans"	"Phaffomyces_thermotolerans"	"#00e4ff"	232	"Phaffomycetaceae"	10	"Phaffomycetaceae"	"Phaffomyces"	"Leu"	0.591697978171408	3307	"No"
"230"	230	"Phaffomyces antillensis"	"yHMPu5000035671_phaffomyces_antillensis_160613"	"yHMPu5000035671_Phaffomyces_antillensis"	"Phaffomyces_antillensis"	"#00e4ff"	233	"Phaffomycetaceae"	10	"Phaffomycetaceae"	"Phaffomyces"	"Leu"	0.573270013568521	3380	"No"
"231"	231	"Phaffomyces opuntiae"	"yHMPu5000035670_phaffomyces_opuntiae_160613"	"yHMPu5000035670_Phaffomyces_opuntiae"	"Phaffomyces_opuntiae"	"#00e4ff"	234	"Phaffomycetaceae"	10	"Phaffomycetaceae"	"Phaffomyces"	"Leu"	0.57184201566224	3359	"No"
"232"	232	"Starmera quercuum"	"yHMPu5000034594_starmera_quercuum_160519"	"yHMPu5000034594_Starmera_quercuum"	"Starmera_quercuum"	"#00e4ff"	253	"Phaffomycetaceae"	10	"Phaffomycetaceae"	"Starmera"	"Leu"	0.635438596491228	3622	"No"
"233"	233	"Starmera amethionina"	"yHMPu5000035658_starmera_amethionina_160613"	"yHMPu5000035658_Starmera_amethionina"	"Starmera_amethionina"	"#00e4ff"	235	"Phaffomycetaceae"	10	"Phaffomycetaceae"	"Starmera"	"Leu"	0.542033488693251	3140	"No"
"234"	234	"Wickerhamomyces anomalus"	"wickerhamomyces_anomalus"	"Wickerhamomyces_anomalus"	"Wickerhamomyces_anomalus"	"#00e4ff"	222	"Phaffomycetaceae"	10	"Phaffomycetaceae"	"Wickerhamomyces"	"Leu"	0.609550105570895	3753	"No"
"235"	235	"Wickerhamomyces hampshirensis"	"yHMPu5000035268_wickerhamomyces_hampshirensis_160928"	"yHMPu5000035268_Wickerhamomyces_hampshirensis"	"Wickerhamomyces_hampshirensis"	"#00e4ff"	241	"Phaffomycetaceae"	10	"Phaffomycetaceae"	"Wickerhamomyces"	"Leu"	0.607960038672253	3773	"No"
"236"	236	"Wickerhamomyces canadensis"	"yHMPu5000035639_wickerhamomyces_canadensis_160613"	"yHMPu5000035639_Wickerhamomyces_canadensis"	"Wickerhamomyces_canadensis"	"#00e4ff"	236	"Phaffomycetaceae"	10	"Phaffomycetaceae"	"Wickerhamomyces"	"Leu"	0.615592761711483	3640	"No"
"237"	237	"Wickerhamomyces ciferrii"	"wickerhamomyces_ciferrii"	"Wickerhamomyces_ciferrii"	"Wickerhamomyces_ciferrii"	"#00e4ff"	223	"Phaffomycetaceae"	10	"Phaffomycetaceae"	"Wickerhamomyces"	"Leu"	0.573030303030303	3782	"No"
"238"	238	"Candida ponderosae"	"yHMPu5000035261_candida_ponderosae_160928"	"yHMPu5000035261_Candida_ponderosae"	"Candida_ponderosae"	"#00e4ff"	242	"Phaffomycetaceae"	10	"Phaffomycetaceae"	"Candida"	"Leu"	0.519138427767869	3784	"No"
"239"	239	"Barnettozyma pratensis"	"yHMPu5000035047_barnettozyma_pratensis_160519"	"yHMPu5000035047_Barnettozyma_pratensis"	"Barnettozyma_pratensis"	"#00e4ff"	244	"Phaffomycetaceae"	10	"Phaffomycetaceae"	"Barnettozyma"	"Leu"	0.590979514546394	3433	"No"
"240"	240	"Barnettozyma hawaiiensis"	"yHMPu5000035045_barnettozyma_hawaiiensis_160613"	"yHMPu5000035045_Barnettozyma_hawaiiensis"	"Barnettozyma_hawaiiensis"	"#00e4ff"	246	"Phaffomycetaceae"	10	"Phaffomycetaceae"	"Barnettozyma"	"Leu"	0.610725670354397	3257	"No"
"241"	241	"Cyberlindnera saturnus"	"yHMPu5000035686_cyberlindnera_saturnus_160519"	"yHMPu5000035686_Cyberlindnera_saturnus"	"Cyberlindnera_saturnus"	"#00e4ff"	230	"Phaffomycetaceae"	10	"Phaffomycetaceae"	"Cyberlindnera"	"Leu"	0.603186762678106	3937	"No"
"242"	242	"Cyberlindnera mrakii"	"yHMPu5000034978_cyberlindnera_mrakii_160519"	"yHMPu5000034978_Cyberlindnera_mrakii"	"Cyberlindnera_mrakii"	"#00e4ff"	250	"Phaffomycetaceae"	10	"Phaffomycetaceae"	"Cyberlindnera"	"Leu"	0.607772697583279	3722	"No"
"243"	243	"Cyberlindnera xylosilytica"	"yHMPu5000035688_cyberlindnera_xylosilytica_160519"	"yHMPu5000035688_Cyberlindnera_xylosilytica"	"Cyberlindnera_xylosilytica"	"#00e4ff"	228	"Phaffomycetaceae"	10	"Phaffomycetaceae"	"Cyberlindnera"	"Leu"	0.619709607661415	4012	"No"
"244"	244	"Cyberlindnera petersonii"	"yHMPu5000035325_cyberlindnera_petersonii_160928"	"yHMPu5000035325_Cyberlindnera_petersonii"	"Cyberlindnera_petersonii"	"#00e4ff"	237	"Phaffomycetaceae"	10	"Phaffomycetaceae"	"Cyberlindnera"	"Leu"	0.631991636173549	3627	"No"
"245"	245	"Cyberlindnera suaveolens"	"yHMPu5000035687_cyberlindnera_suaveolens_160613"	"yHMPu5000035687_Cyberlindnera_suaveolens"	"Cyberlindnera_suaveolens"	"#00e4ff"	229	"Phaffomycetaceae"	10	"Phaffomycetaceae"	"Cyberlindnera"	"Leu"	0.599174236168456	3628	"No"
"246"	246	"Cyberlindnera misumaiensis"	"yHMPu5000034979_cyberlindnera_misumaiensis_160519"	"yHMPu5000034979_Cyberlindnera_misumaiensis"	"Cyberlindnera_misumaiensis"	"#00e4ff"	249	"Phaffomycetaceae"	10	"Phaffomycetaceae"	"Cyberlindnera"	"Leu"	0.638818869283399	3548	"No"
"247"	247	"Cyberlindnera maclurae"	"yHMPu5000035699_cyberlindnera_maclurae_160613"	"yHMPu5000035699_Cyberlindnera_maclurae"	"Cyberlindnera_maclurae"	"#00e4ff"	225	"Phaffomycetaceae"	10	"Phaffomycetaceae"	"Cyberlindnera"	"Leu"	0.615506329113924	3501	"No"
"248"	248	"Wickerhamomyces bovis"	"yHMPu5000035271_wickerhamomyces_bovis_160928"	"yHMPu5000035271_Wickerhamomyces_bovis"	"Wickerhamomyces_bovis"	"#00e4ff"	240	"Phaffomycetaceae"	10	"Phaffomycetaceae"	"Wickerhamomyces"	"Leu"	0.618916595012898	3599	"No"
"249"	249	"Wickerhamomyces alni"	"yHMPu5000035274_wickerhamomyces_alni_160928"	"yHMPu5000035274_Wickerhamomyces_alni"	"Wickerhamomyces_alni"	"#00e4ff"	239	"Phaffomycetaceae"	10	"Phaffomycetaceae"	"Wickerhamomyces"	"Leu"	0.608030278097746	3695	"No"
"250"	250	"Alloascoidea hylecoeti"	"alloascoidea_hylecoeti"	"Alloascoidea_hylecoeti"	"Alloascoidea_hylecoeti"	"#008000"	53	"Alloascoideaceae"	4	"Alloascoideaceae"	"Alloascoidea"	"Leu"	0.461691438141093	4411	"No"
"251"	251	"Citeromyces hawaiiensis"	"yHMPu5000034950_citeromyces_hawaiiensis_160519"	"yHMPu5000034950_Citeromyces_hawaiiensis"	"Citeromyces_hawaiiensis"	"#FF8200"	82	"Pichiaceae"	7	"Saccharomycetales incertae sedis"	"Citeromyces"	"Leu"	0.558225255972696	4089	"No"
"252"	252	"Citeromyces siamensis"	"yHMPu5000034952_citeromyces_siamensis_160519"	"yHMPu5000034952_Citeromyces_siamensis"	"Citeromyces_siamensis"	"#FF8200"	81	"Pichiaceae"	7	"Saccharomycetales incertae sedis"	"Citeromyces"	"Leu"	0.530057214515244	6763	"No"
"253"	253	"Kazachstania viticola"	"yHAB158_kazachstania_viticola_160519"	"yHAB158_Kazachstania_viticola"	"Kazachstania_viticola"	"#0012ff"	314	"Saccharomycetaceae"	12	"Saccharomycetaceae"	"Kazachstania"	"Leu"	0.530601659751037	3069	"No"
"254"	254	"Citeromyces matritensis"	"yHMPu5000026142_citeromyces_matritensis_160519"	"yHMPu5000026142_Citeromyces_matritensis"	"Citeromyces_matritensis"	"#FF8200"	119	"Pichiaceae"	7	"Saccharomycetales incertae sedis"	"Citeromyces"	"Leu"	0.559806171894925	4390	"No"
"255"	255	"Kluyveromyces dobzhanskii"	"yHMPu5000034710_kluyveromyces_dobzhanskii_160519"	"yHMPu5000034710_Kluyveromyces_dobzhanskii"	"Kluyveromyces_dobzhanskii"	"#0012ff"	329	"Saccharomycetaceae"	12	"Saccharomycetaceae"	"Kluyveromyces"	"Leu"	0.615717821782178	2985	"No"
"256"	256	"Kluyveromyces aestuarii"	"yHMPu5000034709_kluyveromyces_aestuarii_160519"	"yHMPu5000034709_Kluyveromyces_aestuarii"	"Kluyveromyces_aestuarii"	"#0012ff"	330	"Saccharomycetaceae"	12	"Saccharomycetaceae"	"Kluyveromyces"	"Leu"	0.601335838029639	2881	"No"
"257"	257	"Candida bracarensis"	"nakaseomyces_bracarensis"	"Nakaseomyces_bracarensis"	"Candida_bracarensis"	"#0012ff"	285	"Saccharomycetaceae"	12	"Saccharomycetaceae"	"Candida"	"Leu"	0.547309833024119	2950	"No"
"258"	258	"Candida glabrata"	"candida_glabrata"	"Candida_glabrata"	"Candida_glabrata"	"#0012ff"	263	"Saccharomycetaceae"	12	"Saccharomycetaceae"	"Candida"	"Leu"	0.570980392156863	2912	"Yes"
"259"	259	"Eremothecium gossypii"	"eremothecium_gossypii"	"Eremothecium_gossypii"	"Eremothecium_gossypii"	"#0012ff"	266	"Saccharomycetaceae"	12	"Saccharomycetaceae"	"Eremothecium"	"Leu"	0.613159122725152	2628	"No"
"260"	260	"Ashbya aceri"	"ashbya_aceri"	"Ashbya_aceri"	"Ashbya_aceri"	"#0012ff"	262	"Saccharomycetaceae"	12	"Saccharomycetaceae"	"Ashbya"	"Leu"	0.614449380406827	2628	"No"
"261"	261	"Eremothecium sinecaudum"	"eremothecium_sinecaudum"	"Eremothecium_sinecaudum"	"Eremothecium_sinecaudum"	"#0012ff"	267	"Saccharomycetaceae"	12	"Saccharomycetaceae"	"Eremothecium"	"Leu"	0.590049053959355	2526	"No"
"262"	262	"Eremothecium cymbalariae"	"eremothecium_cymbalariae"	"Eremothecium_cymbalariae"	"Eremothecium_cymbalariae"	"#0012ff"	265	"Saccharomycetaceae"	12	"Saccharomycetaceae"	"Eremothecium"	"Leu"	0.571138669673055	2533	"No"
"263"	263	"Eremothecium coryli"	"eremothecium_coryli"	"Eremothecium_coryli"	"Eremothecium_coryli"	"#0012ff"	264	"Saccharomycetaceae"	12	"Saccharomycetaceae"	"Eremothecium"	"Leu"	0.596000908884344	2623	"No"
"264"	264	"Kazachstania africana"	"kazachstania_africana"	"Kazachstania_africana"	"Kazachstania_africana"	"#0012ff"	268	"Saccharomycetaceae"	12	"Saccharomycetaceae"	"Kazachstania"	"Leu"	0.571992889591151	2896	"No"
"265"	265	"Kazachstania naganishii"	"kazachstania_naganishii"	"Kazachstania_naganishii"	"Kazachstania_naganishii"	"#0012ff"	269	"Saccharomycetaceae"	12	"Saccharomycetaceae"	"Kazachstania"	"Leu"	0.568321707016824	2770	"No"
"266"	266	"Kazachstania yakushimaensis"	"yHAB166_kazachstania_yakushimaensis_160519"	"yHAB166_Kazachstania_yakushimaensis"	"Kazachstania_yakushimaensis"	"#0012ff"	318	"Saccharomycetaceae"	12	"Saccharomycetaceae"	"Kazachstania"	"Leu"	0.481093979441997	2621	"No"
"267"	267	"Kluyveromyces lactis"	"kluyveromyces_lactis"	"Kluyveromyces_lactis"	"Kluyveromyces_lactis"	"#0012ff"	270	"Saccharomycetaceae"	12	"Saccharomycetaceae"	"Kluyveromyces"	"Leu"	0.612654633948489	3021	"No"
"268"	268	"Kluyveromyces marxianus"	"kluyveromyces_marxianus"	"Kluyveromyces_marxianus"	"Kluyveromyces_marxianus"	"#0012ff"	271	"Saccharomycetaceae"	12	"Saccharomycetaceae"	"Kluyveromyces"	"Leu"	0.606066574748867	3077	"Yes"
"269"	269	"Lachancea fantastica nom. nud."	"lachancea_fantastica"	"Lachancea_fantastica"	"Lachancea_fantastica_nom_nud"	"#0012ff"	274	"Saccharomycetaceae"	12	"Saccharomycetaceae"	"Lachancea"	"Leu"	0.617789431222267	3063	"No"
"270"	270	"Lachancea meyersii"	"lachancea_meyersii"	"Lachancea_meyersii"	"Lachancea_meyersii"	"#0012ff"	278	"Saccharomycetaceae"	12	"Saccharomycetaceae"	"Lachancea"	"Leu"	0.610455655004068	3001	"No"
"271"	271	"Lachancea nothofagi"	"lachancea_nothofagi"	"Lachancea_nothofagi"	"Lachancea_nothofagi"	"#0012ff"	280	"Saccharomycetaceae"	12	"Saccharomycetaceae"	"Lachancea"	"Leu"	0.609601269589367	3073	"No"
"272"	272	"Lachancea cidri"	"lachancea_cidri"	"Lachancea_cidri"	"Lachancea_cidri"	"#0012ff"	272	"Saccharomycetaceae"	12	"Saccharomycetaceae"	"Lachancea"	"Leu"	0.61893567001496	2896	"No"
"273"	273	"Lachancea thermotolerans"	"lachancea_thermotolerans"	"Lachancea_thermotolerans"	"Lachancea_thermotolerans"	"#0012ff"	282	"Saccharomycetaceae"	12	"Saccharomycetaceae"	"Lachancea"	"Leu"	0.626627467450651	2984	"No"
"274"	274	"Lachancea mirantina"	"lachancea_mirantina"	"Lachancea_mirantina"	"Lachancea_mirantina"	"#0012ff"	279	"Saccharomycetaceae"	12	"Saccharomycetaceae"	"Lachancea"	"Leu"	0.614840989399293	2958	"No"
"275"	275	"Lachancea dasiensis"	"lachancea_dasiensis"	"Lachancea_dasiensis"	"Lachancea_dasiensis"	"#0012ff"	273	"Saccharomycetaceae"	12	"Saccharomycetaceae"	"Lachancea"	"Leu"	0.619253762110905	3004	"No"
"276"	276	"Lachancea fermentati"	"lachancea_fermentati"	"Lachancea_fermentati"	"Lachancea_fermentati"	"#0012ff"	275	"Saccharomycetaceae"	12	"Saccharomycetaceae"	"Lachancea"	"Leu"	0.62453454695904	3019	"No"
"277"	277	"Lachancea kluyveri"	"lachancea_kluyveri"	"Lachancea_kluyveri"	"Lachancea_kluyveri"	"#0012ff"	276	"Saccharomycetaceae"	12	"Saccharomycetaceae"	"Lachancea"	"Leu"	0.614338449582281	3162	"No"
"278"	278	"Lachancea lanzarotensis"	"lachancea_lanzarotensis"	"Lachancea_lanzarotensis"	"Lachancea_lanzarotensis"	"#0012ff"	277	"Saccharomycetaceae"	12	"Saccharomycetaceae"	"Lachancea"	"Leu"	0.614173228346457	2964	"No"
"279"	279	"Lachancea quebecensis"	"lachancea_quebecensis"	"Lachancea_quebecensis"	"Lachancea_quebecensis"	"#0012ff"	281	"Saccharomycetaceae"	12	"Saccharomycetaceae"	"Lachancea"	"Leu"	0.620294244915621	2867	"No"
"280"	280	"Candida castellii"	"nakaseomyces_castellii"	"Nakaseomyces_castellii"	"Candida_castellii"	"#0012ff"	286	"Saccharomycetaceae"	12	"Saccharomycetaceae"	"Candida"	"Leu"	0.574989256553502	2676	"No"
"281"	281	"Nakaseomyces delphensis"	"nakaseomyces_delphensis"	"Nakaseomyces_delphensis"	"Nakaseomyces_delphensis"	"#0012ff"	287	"Saccharomycetaceae"	12	"Saccharomycetaceae"	"Nakaseomyces"	"Leu"	0.561784445321753	2846	"No"
"282"	282	"Candida nivariensis"	"nakaseomyces_nivariensis"	"Nakaseomyces_nivariensis"	"Candida_nivariensis"	"#0012ff"	288	"Saccharomycetaceae"	12	"Saccharomycetaceae"	"Candida"	"Leu"	0.568027869169731	2935	"No"
"283"	283	"Nakaseomyces bacillisporus"	"nakaseomyces_bacillisporus"	"Nakaseomyces_bacillisporus"	"Nakaseomyces_bacillisporus"	"#0012ff"	284	"Saccharomycetaceae"	12	"Saccharomycetaceae"	"Nakaseomyces"	"Leu"	0.563072439633639	2705	"No"
"284"	284	"Naumovozyma castellii"	"naumovozyma_castellii"	"Naumovozyma_castellii"	"Naumovozyma_castellii"	"#0012ff"	289	"Saccharomycetaceae"	12	"Saccharomycetaceae"	"Naumovozyma"	"Leu"	0.562631881833877	2933	"No"
"285"	285	"Naumovozyma dairenensis"	"naumovozyma_dairenensis"	"Naumovozyma_dairenensis"	"Naumovozyma_dairenensis"	"#0012ff"	290	"Saccharomycetaceae"	12	"Saccharomycetaceae"	"Naumovozyma"	"Leu"	0.523885918003565	2939	"No"
"286"	286	"Saccharomyces cerevisiae"	"saccharomyces_cerevisiae"	"Saccharomyces_cerevisiae"	"Saccharomyces_cerevisiae"	"#0012ff"	292	"Saccharomycetaceae"	12	"Saccharomycetaceae"	"Saccharomyces"	"Leu"	0.575246850527749	3379	"No"
"287"	287	"Saccharomyces uvarum"	"saccharomyces_uvarum"	"Saccharomyces_uvarum"	"Saccharomyces_uvarum"	"#0012ff"	297	"Saccharomycetaceae"	12	"Saccharomycetaceae"	"Saccharomyces"	"Leu"	0.550020251113811	2716	"Yes"
"288"	288	"Saccharomyces eubayanus"	"saccharomyces_eubayanus"	"Saccharomyces_eubayanus"	"Saccharomyces_eubayanus"	"#0012ff"	293	"Saccharomycetaceae"	12	"Saccharomycetaceae"	"Saccharomyces"	"Leu"	0.549618320610687	2736	"No"
"289"	289	"Saccharomyces kudriavzevii"	"saccharomyces_kudriavzevii"	"Saccharomyces_kudriavzevii"	"Saccharomyces_kudriavzevii"	"#0012ff"	294	"Saccharomycetaceae"	12	"Saccharomycetaceae"	"Saccharomyces"	"Leu"	0.538253638253638	2589	"No"
"290"	290	"Saccharomyces arboricola"	"saccharomyces_arboricola"	"Saccharomyces_arboricola"	"Saccharomyces_arboricola"	"#0012ff"	291	"Saccharomycetaceae"	12	"Saccharomycetaceae"	"Saccharomyces"	"Leu"	0.538259640621845	2666	"Yes"
"291"	291	"Saccharomyces paradoxus"	"saccharomyces_paradoxus"	"Saccharomyces_paradoxus"	"Saccharomyces_paradoxus"	"#0012ff"	296	"Saccharomycetaceae"	12	"Saccharomycetaceae"	"Saccharomyces"	"Leu"	0.537316435324884	2671	"Yes"
"292"	292	"Saccharomyces mikatae"	"saccharomyces_mikatae"	"Saccharomyces_mikatae"	"Saccharomyces_mikatae"	"#0012ff"	295	"Saccharomycetaceae"	12	"Saccharomycetaceae"	"Saccharomyces"	"Leu"	0.533595203638619	2581	"Yes"
"293"	293	"Tetrapisispora blattae"	"tetrapisispora_blattae"	"Tetrapisispora_blattae"	"Tetrapisispora_blattae"	"#0012ff"	298	"Saccharomycetaceae"	12	"Saccharomycetaceae"	"Tetrapisispora"	"Leu"	0.520331325301205	2764	"No"
"294"	294	"Tetrapisispora phaffii"	"tetrapisispora_phaffii"	"Tetrapisispora_phaffii"	"Tetrapisispora_phaffii"	"#0012ff"	299	"Saccharomycetaceae"	12	"Saccharomycetaceae"	"Tetrapisispora"	"Leu"	0.547637195121951	2874	"No"
"295"	295	"Tetrapisispora fleetii"	"yHMPu5000034875_tetrapisispora_fleetii_160519"	"yHMPu5000034875_Tetrapisispora_fleetii"	"Tetrapisispora_fleetii"	"#0012ff"	325	"Saccharomycetaceae"	12	"Saccharomycetaceae"	"Tetrapisispora"	"Leu"	0.51611151339609	2851	"No"
"296"	296	"Torulaspora delbrueckii"	"torulaspora_delbrueckii"	"Torulaspora_delbrueckii"	"Torulaspora_delbrueckii"	"#0012ff"	300	"Saccharomycetaceae"	12	"Saccharomycetaceae"	"Torulaspora"	"Leu"	0.623149394347241	2778	"No"
"297"	297	"Torulaspora maleeae"	"yHMPu5000035652_torulaspora_maleeae_160613"	"yHMPu5000035652_Torulaspora_maleeae"	"Torulaspora_maleeae"	"#0012ff"	319	"Saccharomycetaceae"	12	"Saccharomycetaceae"	"Torulaspora"	"Leu"	0.602163178932518	2561	"No"
"298"	298	"Torulaspora pretoriensis"	"yHMPu5000034881_torulaspora_pretoriensis_160519"	"yHMPu5000034881_Torulaspora_pretoriensis"	"Torulaspora_pretoriensis"	"#0012ff"	322	"Saccharomycetaceae"	12	"Saccharomycetaceae"	"Torulaspora"	"Leu"	0.61992159657876	3479	"No"
"299"	299	"Torulaspora microellipsoides"	"yHMPu5000035651_torulaspora_microellipsoides_160519"	"yHMPu5000035651_Torulaspora_microellipsoides"	"Torulaspora_microellipsoides"	"#0012ff"	320	"Saccharomycetaceae"	12	"Saccharomycetaceae"	"Torulaspora"	"Leu"	0.597066107830063	3134	"No"
"300"	300	"Vanderwaltozyma polyspora"	"vanderwaltozyma_polyspora"	"Vanderwaltozyma_polyspora"	"Vanderwaltozyma_polyspora"	"#0012ff"	301	"Saccharomycetaceae"	12	"Saccharomycetaceae"	"Vanderwaltozyma"	"Leu"	0.546426661914097	3066	"Yes"
"301"	301	"Yueomyces sinensis"	"yHMPu5000035629_yueomyces_sinensis_160519"	"yHMPu5000035629_Yueomyces_sinensis"	"Yueomyces_sinensis"	"#0012ff"	321	"Saccharomycetaceae"	12	"Saccharomycetaceae"	"Yueomyces"	"Leu"	0.496355685131195	2724	"No"
"302"	302	"Zygosaccharomyces rouxii"	"zygosaccharomyces_rouxii"	"Zygosaccharomyces_rouxii"	"Zygosaccharomyces_rouxii"	"#0012ff"	303	"Saccharomycetaceae"	12	"Saccharomycetaceae"	"Zygosaccharomyces"	"Leu"	0.615973741794311	2815	"No"
"303"	303	"Zygosaccharomyces bailii"	"zygosaccharomyces_bailii"	"Zygosaccharomyces_bailii"	"Zygosaccharomyces_bailii"	"#0012ff"	302	"Saccharomycetaceae"	12	"Saccharomycetaceae"	"Zygosaccharomyces"	"Leu"	0.602242744063325	2739	"No"
"304"	304	"Zygosaccharomyces bisporus"	"yHMPu5000034866_zygosaccharomyces_bisporus_160519"	"yHMPu5000034866_Zygosaccharomyces_bisporus"	"Zygosaccharomyces_bisporus"	"#0012ff"	326	"Saccharomycetaceae"	12	"Saccharomycetaceae"	"Zygosaccharomyces"	"Leu"	0.60021436227224	2800	"No"
"305"	305	"Zygotorulaspora florentina"	"yHMPu5000034862_zygotorulaspora_florentina_160519"	"yHMPu5000034862_Zygotorulaspora_florentina"	"Zygotorulaspora_florentina"	"#0012ff"	328	"Saccharomycetaceae"	12	"Saccharomycetaceae"	"Zygotorulaspora"	"Leu"	0.593360160965795	2949	"No"
"306"	306	"Hanseniaspora valbyensis"	"hanseniaspora_valbyensis"	"Hanseniaspora_valbyensis"	"Hanseniaspora_valbyensis"	"#12958A"	255	"Saccharomycodaceae"	11	"Saccharomycodaceae"	"Hanseniaspora"	"Leu"	0.421580425190534	2102	"No"
"307"	307	"Hanseniaspora uvarum"	"hanseniaspora_uvarum"	"Hanseniaspora_uvarum"	"Hanseniaspora_uvarum"	"#12958A"	254	"Saccharomycodaceae"	11	"Saccharomycodaceae"	"Hanseniaspora"	"Leu"	0.475094876660342	2003	"No"
"308"	308	"Hanseniaspora pseudoguilliermondii"	"yHMPu5000035695_hanseniaspora_pseudoguilliermondii_160519"	"yHMPu5000035695_Hanseniaspora_pseudoguilliermondii"	"Hanseniaspora_pseudoguilliermondii"	"#12958A"	258	"Saccharomycodaceae"	11	"Saccharomycodaceae"	"Hanseniaspora"	"Leu"	0.473660308810173	2086	"No"
"309"	309	"Kloeckera hatyaiensis"	"yHMPu5000035684_kloeckera_hatyaiensis_160519"	"yHMPu5000035684_Kloeckera_hatyaiensis"	"Kloeckera_hatyaiensis"	"#12958A"	259	"Saccharomycodaceae"	11	"Saccharomycodaceae"	"Kloeckera"	"Leu"	0.457098968619706	2083	"No"
"310"	310	"Zygotorulaspora mrakii"	"yHMPu5000026256_zygotorulaspora_mrakii_161215"	"yHMPu5000026256_Zygotorulaspora_mrakii"	"Zygotorulaspora_mrakii"	"#0012ff"	331	"Saccharomycetaceae"	12	"Saccharomycetaceae"	"Zygotorulaspora"	"Leu"	0.591456967646437	2797	"Yes"
"311"	311	"Hanseniaspora vineae"	"hanseniaspora_vinae"	"Hanseniaspora_vinae"	"Hanseniaspora_vineae"	"#12958A"	256	"Saccharomycodaceae"	11	"Saccharomycodaceae"	"Hanseniaspora"	"Leu"	0.526099198613818	2429	"Yes"
"312"	312	"Lachancea waltii"	"lachancea_waltii"	"Lachancea_waltii"	"Lachancea_waltii"	"#0012ff"	283	"Saccharomycetaceae"	12	"Saccharomycetaceae"	"Lachancea"	"Leu"	0.58933745412401	3051	"No"
"313"	313	"Kazachstania kunashirensis"	"yHAB160_kazachstania_kunashirensis_160519"	"yHAB160_Kazachstania_kunashirensis"	"Kazachstania_kunashirensis"	"#0012ff"	312	"Saccharomycetaceae"	12	"Saccharomycetaceae"	"Kazachstania"	"Leu"	0.552400914634146	2899	"Yes"
"314"	314	"Kazachstania martiniae"	"yHAB132_kazachstania_martiniae_160519"	"yHAB132_Kazachstania_martiniae"	"Kazachstania_martiniae"	"#0012ff"	307	"Saccharomycetaceae"	12	"Saccharomycetaceae"	"Kazachstania"	"Leu"	0.520649488175079	2950	"No"
"315"	315	"Kazachstania rosinii"	"yHAB153_kazachstania_rosinii_160519"	"yHAB153_Kazachstania_rosinii"	"Kazachstania_rosinii"	"#0012ff"	317	"Saccharomycetaceae"	12	"Saccharomycetaceae"	"Kazachstania"	"Leu"	0.542433345850544	2889	"No"
"316"	316	"Kazachstania taianensis"	"yHAB147_kazachstania_taianensis_160519"	"yHAB147_Kazachstania_taianensis"	"Kazachstania_taianensis"	"#0012ff"	309	"Saccharomycetaceae"	12	"Saccharomycetaceae"	"Kazachstania"	"Leu"	0.523800272003109	2696	"No"
"317"	317	"Kazachstania bromeliacearum"	"yHAB136_kazachstania_bromeliacearum_160519"	"yHAB136_Kazachstania_bromeliacearum"	"Kazachstania_bromeliacearum"	"#0012ff"	304	"Saccharomycetaceae"	12	"Saccharomycetaceae"	"Kazachstania"	"Leu"	0.550209205020921	2893	"No"
"318"	318	"Kazachstania unispora"	"yHAB133_kazachstania_unispora_160519"	"yHAB133_Kazachstania_unispora"	"Kazachstania_unispora"	"#0012ff"	306	"Saccharomycetaceae"	12	"Saccharomycetaceae"	"Kazachstania"	"Leu"	0.534328901839374	2934	"No"
"319"	319	"Kazachstania turicensis"	"yHAB134_kazachstania_turicensis_160519"	"yHAB134_Kazachstania_turicensis"	"Kazachstania_turicensis"	"#0012ff"	305	"Saccharomycetaceae"	12	"Saccharomycetaceae"	"Kazachstania"	"Leu"	0.506779661016949	2990	"No"
"320"	320	"Kazachstania intestinalis"	"yHAB148_kazachstania_intestinalis_160519"	"yHAB148_Kazachstania_intestinalis"	"Kazachstania_intestinalis"	"#0012ff"	310	"Saccharomycetaceae"	12	"Saccharomycetaceae"	"Kazachstania"	"Leu"	0.587721081520634	2891	"No"
"321"	321	"Kazachstania transvaalensis"	"yHAB154_kazachstania_transvaalensis_160519"	"yHAB154_Kazachstania_transvaalensis"	"Kazachstania_transvaalensis"	"#0012ff"	316	"Saccharomycetaceae"	12	"Saccharomycetaceae"	"Kazachstania"	"Leu"	0.479767586636232	2312	"No"
"322"	322	"Kazachstania solicola"	"yHAB159_kazachstania_solicola_160519"	"yHAB159_Kazachstania_solicola"	"Kazachstania_solicola"	"#0012ff"	313	"Saccharomycetaceae"	12	"Saccharomycetaceae"	"Kazachstania"	"Leu"	0.506293002181574	3017	"No"
"323"	323	"Kazachstania aerobia"	"yHAB164_kazachstania_aerobia_160519"	"yHAB164_Kazachstania_aerobia"	"Kazachstania_aerobia"	"#0012ff"	311	"Saccharomycetaceae"	12	"Saccharomycetaceae"	"Kazachstania"	"Leu"	0.539934248694643	2792	"No"
"324"	324	"Kazachstania spencerorum"	"yHAB155_kazachstania_spencerorum_160519"	"yHAB155_Kazachstania_spencerorum"	"Kazachstania_spencerorum"	"#0012ff"	315	"Saccharomycetaceae"	12	"Saccharomycetaceae"	"Kazachstania"	"Leu"	0.482465626448324	3123	"No"
"325"	325	"Kazachstania siamensis"	"yHAB143_kazachstania_siamensis_160519"	"yHAB143_Kazachstania_siamensis"	"Kazachstania_siamensis"	"#0012ff"	308	"Saccharomycetaceae"	12	"Saccharomycetaceae"	"Kazachstania"	"Leu"	0.546377660613162	2798	"No"
"326"	326	"Tetrapisispora namnaonensis"	"yHMPu5000034877_tetrapisispora_namnaonensis_160519"	"yHMPu5000034877_Tetrapisispora_namnaonensis"	"Tetrapisispora_namnaonensis"	"#0012ff"	323	"Saccharomycetaceae"	12	"Saccharomycetaceae"	"Tetrapisispora"	"Leu"	0.507975460122699	2898	"No"
"327"	327	"Tetrapisispora iriomotensis"	"yHMPu5000034876_tetrapisispora_iriomotensis_160519"	"yHMPu5000034876_Tetrapisispora_iriomotensis"	"Tetrapisispora_iriomotensis"	"#0012ff"	324	"Saccharomycetaceae"	12	"Saccharomycetaceae"	"Tetrapisispora"	"Leu"	0.531391698639693	3047	"No"
"328"	328	"Torulaspora franciscae"	"yHMPu5000026152_torulaspora_franciscae_160519"	"yHMPu5000026152_Torulaspora_franciscae"	"Torulaspora_franciscae"	"#0012ff"	332	"Saccharomycetaceae"	12	"Saccharomycetaceae"	"Torulaspora"	"Leu"	0.597710383611167	2976	"No"
"329"	329	"Zygosaccharomyces kombuchaensis"	"yHMPu5000034865_zygosaccharomyces_kombuchaensis_160519"	"yHMPu5000034865_Zygosaccharomyces_kombuchaensis"	"Zygosaccharomyces_kombuchaensis"	"#0012ff"	327	"Saccharomycetaceae"	12	"Saccharomycetaceae"	"Zygosaccharomyces"	"Leu"	0.591113105924596	2634	"No"
"330"	330	"Hanseniaspora osmophila"	"yHMPu5000034957_hanseniaspora_osmophila_160519"	"yHMPu5000034957_Hanseniaspora_osmophila"	"Hanseniaspora_osmophila"	"#12958A"	261	"Saccharomycodaceae"	11	"Saccharomycodaceae"	"Hanseniaspora"	"Leu"	0.49750149910054	2489	"No"
"331"	331	"Hanseniaspora singularis"	"yHMPu5000035696_hanseniaspora_singularis_160519"	"yHMPu5000035696_Hanseniaspora_singularis"	"Hanseniaspora_singularis"	"#12958A"	257	"Saccharomycodaceae"	11	"Saccharomycodaceae"	"Hanseniaspora"	"Leu"	0.415082895268904	2053	"No"
"332"	332	"Hanseniaspora clermontiae"	"yHMPu5000034963_hanseniaspora_clermontiae_160519"	"yHMPu5000034963_Hanseniaspora_clermontiae"	"Hanseniaspora_clermontiae"	"#12958A"	260	"Saccharomycodaceae"	11	"Saccharomycodaceae"	"Hanseniaspora"	"Leu"	0.45277463193658	1999	"No"
"333"	333	"Arthrobotrys oligospora"	"arthrobotrys_oligospora"	"Arthrobotrys_oligospora"	"Arthrobotrys_oligospora"	"#050f07"	333	"outgroup"	0	"outgroup"	"outgroup"	"Leu"	0.470856741573034	5364	"NA"
"334"	334	"Aspergillus nidulans"	"aspergillus_nidulans"	"Aspergillus_nidulans"	"Aspergillus_nidulans"	"#050f07"	334	"outgroup"	0	"outgroup"	"outgroup"	"Leu"	0.624551463644948	6614	"NA"
"335"	335	"Botrytis cinerea"	"botrytis_cinerea"	"Botrytis_cinerea"	"Botrytis_cinerea"	"#050f07"	335	"outgroup"	0	"outgroup"	"outgroup"	"Leu"	0.36388600720083	5963	"NA"
"336"	336	"Coccidioides immitis"	"Coccidioides_immitis"	"Coccidioides_immitis"	"Coccidioides_immitis"	"#050f07"	336	"outgroup"	0	"outgroup"	"outgroup"	"Leu"	0.492179565305708	4846	"NA"
"337"	337	"Fusarium graminearum"	"fusarium_graminearum"	"Fusarium_graminearum"	"Fusarium_graminearum"	"#050f07"	337	"outgroup"	0	"outgroup"	"outgroup"	"Leu"	0.569270282520018	7536	"NA"
"338"	338	"Neurospora crassa"	"neurospora_crassa"	"Neurospora_crassa"	"Neurospora_crassa"	"#050f07"	338	"outgroup"	0	"outgroup"	"outgroup"	"Leu"	0.496488435246746	5302	"NA"
"339"	339	"Saitoella complicata"	"Saitoella_complicata"	"Saitoella_complicata"	"Saitoella_complicata"	"#050f07"	339	"outgroup"	0	"outgroup"	"outgroup"	"Leu"	0.634	4438	"NA"
"340"	340	"Sclerotinia sclerotiorum"	"sclerotinia_sclerotiorum"	"Sclerotinia_sclerotiorum"	"Sclerotinia_sclerotiorum"	"#050f07"	340	"outgroup"	0	"outgroup"	"outgroup"	"Leu"	0.386352615171458	5577	"NA"
"341"	341	"Stagonospora nodorum"	"stagonospora_nodorum"	"Stagonospora_nodorum"	"Stagonospora_nodorum"	"#050f07"	341	"outgroup"	0	"outgroup"	"outgroup"	"Leu"	0.502274573517466	6183	"NA"
"342"	342	"Xylona heveae"	"xylona_heveae"	"Xylona_heveae"	"Xylona_heveae"	"#050f07"	342	"outgroup"	0	"outgroup"	"outgroup"	"Leu"	0.56745787725987	4614	"NA"
"343"	343	"Schizosaccharomyces pombe"	"schizosaccharomyces_pombe"	"Schizosaccharomyces_pombe"	"Schizosaccharomyces_pombe"	"#050f07"	343	"outgroup"	0	"outgroup"	"outgroup"	"Leu"	0.670196078431373	3418	"NA"
